,Date,Open,High,Low,Close,Adj Close,Volume
0,2025-11-20,0.285538,0.286898,0.285538,0.286202,0.286202,1736548.0
1,2025-11-18,0.290598,0.293096,0.286853,0.290284,0.290284,2712477.0
2,2025-11-17,0.291037,0.295491,0.289106,0.290601,0.290601,3382093.0
3,2025-11-16,0.292935,0.29901,0.289667,0.291051,0.291051,4602194.0
4,2025-11-15,0.291901,0.295863,0.290999,0.292919,0.292919,2738447.0
5,2025-11-14,0.293291,0.297959,0.288275,0.291894,0.291894,5601444.0
6,2025-11-13,0.294095,0.300212,0.290443,0.293291,0.293291,5755577.0
7,2025-11-12,0.296927,0.300862,0.293875,0.294095,0.294095,3286814.0
8,2025-11-11,0.294716,0.301118,0.294713,0.296924,0.296924,3090564.0
9,2025-11-10,0.290357,0.296226,0.290275,0.294749,0.294749,2900093.0
10,2025-11-09,0.290372,0.292884,0.287777,0.290353,0.290353,1618612.0
11,2025-11-08,0.292138,0.29455,0.290066,0.290384,0.290384,1311357.0
12,2025-11-07,0.283058,0.294106,0.283018,0.292107,0.292107,3470966.0
13,2025-11-06,0.289557,0.28968,0.280608,0.283033,0.283033,3091118.0
14,2025-11-05,0.285643,0.289853,0.28076,0.289557,0.289557,2921112.0
15,2025-11-04,0.280808,0.285748,0.276236,0.285643,0.285643,6214815.0
16,2025-11-03,0.296917,0.298304,0.280754,0.280819,0.280819,5782213.0
17,2025-11-02,0.296411,0.297972,0.294603,0.296844,0.296844,1336030.0
18,2025-11-01,0.294857,0.298293,0.29341,0.296417,0.296417,2235602.0
19,2025-10-31,0.291116,0.296895,0.291116,0.294865,0.294865,2063059.0
20,2025-10-30,0.295997,0.298339,0.288655,0.29106,0.29106,4018278.0
21,2025-10-29,0.294606,0.298265,0.292412,0.295994,0.295994,3003759.0
22,2025-10-28,0.297889,0.300295,0.29362,0.294579,0.294579,2009409.0
23,2025-10-27,0.299588,0.301768,0.297724,0.297901,0.297901,2098782.0
24,2025-10-26,0.296861,0.300923,0.294284,0.299593,0.299593,2440083.0
25,2025-10-25,0.303666,0.304837,0.294188,0.296864,0.296864,11531477.0
26,2025-10-24,0.313818,0.314671,0.30364,0.30365,0.30365,3449715.0
27,2025-10-23,0.320563,0.323622,0.313651,0.31382,0.31382,3176643.0
28,2025-10-22,0.323258,0.324399,0.318653,0.320363,0.320363,4472722.0
29,2025-10-21,0.321393,0.325074,0.317492,0.323096,0.323096,6961593.0
30,2025-10-20,0.320651,0.324225,0.3195,0.321385,0.321385,2113534.0
31,2025-10-19,0.313785,0.320824,0.312869,0.320651,0.320651,273040.0
32,2025-10-18,0.309286,0.314577,0.309213,0.313785,0.313785,66373.0
33,2025-10-17,0.3151,0.316964,0.30639,0.309286,0.309286,299258.0
34,2025-10-16,0.31943,0.32328,0.314909,0.3151,0.3151,733340.0
35,2025-10-15,0.3169,0.320733,0.312524,0.31943,0.31943,1706092.0
36,2025-10-14,0.323311,0.323311,0.308763,0.3169,0.3169,1344786.0
37,2025-10-13,0.322806,0.324086,0.320781,0.323311,0.323311,974389.0
38,2025-10-12,0.314626,0.3233,0.311613,0.322806,0.322806,654101.0
39,2025-10-11,0.321063,0.321144,0.312745,0.314626,0.314626,1472437.0
40,2025-10-10,0.33636,0.33689,0.31929,0.321056,0.321056,2651912.0
41,2025-10-09,0.342199,0.342212,0.335127,0.33636,0.33636,2642167.0
42,2025-10-08,0.338484,0.342462,0.336873,0.342199,0.342199,2303086.0
43,2025-10-07,0.346251,0.346842,0.337779,0.338484,0.338484,627591.0
44,2025-10-06,0.341305,0.346998,0.340859,0.346251,0.346251,601484.0
45,2025-10-05,0.340439,0.343185,0.340078,0.341305,0.341305,769299.0
46,2025-10-04,0.341904,0.342527,0.339736,0.340439,0.340439,392646.0
47,2025-10-03,0.342892,0.345548,0.341862,0.341904,0.341904,449164.0
48,2025-10-02,0.341664,0.343933,0.34111,0.342892,0.342892,753155.0
49,2025-10-01,0.332613,0.342055,0.332613,0.341664,0.341664,1674744.0
50,2025-09-30,0.337292,0.337584,0.331947,0.332613,0.332613,622704.0
51,2025-09-29,0.335887,0.3373,0.332632,0.337292,0.337292,826643.0
52,2025-09-28,0.337155,0.337159,0.334626,0.335887,0.335887,1409090.0
53,2025-09-27,0.338234,0.339493,0.33616,0.337155,0.337155,1463730.0
54,2025-09-26,0.33253,0.338406,0.33253,0.338234,0.338234,869525.0
55,2025-09-25,0.338591,0.338591,0.330926,0.33253,0.33253,662785.0
56,2025-09-24,0.336353,0.339193,0.335336,0.338591,0.338591,631096.0
57,2025-09-23,0.34001,0.341975,0.335272,0.336353,0.336353,342655.0
58,2025-09-22,0.343146,0.343146,0.334583,0.34001,0.34001,1687796.0
59,2025-09-21,0.346881,0.346912,0.34286,0.343146,0.343146,1066454.0
60,2025-09-20,0.344563,0.348182,0.343598,0.346881,0.346881,2306755.0
61,2025-09-19,0.350217,0.352118,0.344324,0.344563,0.344563,439350.0
62,2025-09-18,0.343181,0.352052,0.342952,0.350217,0.350217,11258902.0
63,2025-09-17,0.342357,0.344353,0.339073,0.343181,0.343181,3007693.0
64,2025-09-16,0.344654,0.347035,0.340736,0.342357,0.342357,2413772.0
65,2025-09-15,0.348749,0.351028,0.342646,0.344654,0.344654,2229217.0
66,2025-09-14,0.34952,0.351544,0.347398,0.348749,0.348749,258949.0
67,2025-09-13,0.351706,0.35403,0.34832,0.34952,0.34952,677242.0
68,2025-09-12,0.346409,0.35174,0.346405,0.351706,0.351706,573559.0
69,2025-09-11,0.338862,0.347628,0.338862,0.346409,0.346409,889184.0
70,2025-09-10,0.335144,0.339786,0.334902,0.338862,0.338862,3745692.0
71,2025-09-09,0.330934,0.338152,0.329988,0.335144,0.335144,290015.0
72,2025-09-08,0.331194,0.334828,0.32975,0.330948,0.330948,491397.0
73,2025-09-07,0.314787,0.331403,0.313025,0.331194,0.331194,1004195.0
74,2025-09-06,0.331137,0.332196,0.308732,0.314782,0.314782,1640377.0
75,2025-09-05,0.33535,0.338844,0.330889,0.331137,0.331137,779477.0
76,2025-09-04,0.34095,0.341767,0.334417,0.33535,0.33535,516637.0
77,2025-09-03,0.338017,0.341797,0.3368,0.34095,0.34095,493438.0
78,2025-09-02,0.337073,0.340099,0.336057,0.338017,0.338017,335794.0
79,2025-09-01,0.340905,0.341195,0.334949,0.337073,0.337073,591573.0
80,2025-08-31,0.338827,0.34344,0.338827,0.340905,0.340905,335168.0
81,2025-08-30,0.339034,0.340657,0.336552,0.338827,0.338827,503164.0
82,2025-08-29,0.344771,0.345586,0.333898,0.339034,0.339034,1010826.0
83,2025-08-28,0.345454,0.349744,0.342713,0.344771,0.344771,1426096.0
84,2025-08-27,0.352013,0.352013,0.345802,0.345802,0.345802,349794.0
85,2025-08-26,0.342617,0.352275,0.339734,0.352013,0.352013,577030.0
86,2025-08-25,0.362111,0.362112,0.342503,0.342617,0.342617,850408.0
87,2025-08-24,0.362509,0.368101,0.361693,0.362111,0.362111,390528.0
88,2025-08-23,0.366213,0.366657,0.3605,0.362509,0.362509,866829.0
89,2025-08-22,0.353577,0.367083,0.353535,0.366213,0.366213,780631.0
90,2025-08-21,0.35428,0.356385,0.35124,0.353577,0.353577,386148.0
91,2025-08-20,0.34771,0.354831,0.346867,0.35428,0.35428,517795.0
92,2025-08-19,0.350417,0.352263,0.346171,0.34771,0.34771,490447.0
93,2025-08-18,0.354074,0.354241,0.345472,0.350417,0.350417,495255.0
94,2025-08-17,0.348186,0.354822,0.347531,0.354074,0.354074,651017.0
95,2025-08-16,0.352292,0.355031,0.346031,0.348079,0.348079,613299.0
96,2025-08-15,0.358075,0.361867,0.349257,0.352292,0.352292,1094766.0
97,2025-08-14,0.361855,0.369832,0.354054,0.358075,0.358075,2575015.0
98,2025-08-13,0.352173,0.362253,0.352139,0.361855,0.361855,1049512.0
99,2025-08-12,0.344464,0.352883,0.344381,0.352173,0.352173,651246.0
100,2025-08-11,0.338259,0.34504,0.338259,0.344464,0.344464,426338.0
101,2025-08-10,0.33559,0.34187,0.335534,0.338259,0.338259,492416.0
102,2025-08-09,0.338563,0.338622,0.335419,0.33559,0.33559,970378.0
103,2025-08-08,0.338393,0.339627,0.336467,0.338563,0.338563,234247.0
104,2025-08-07,0.33722,0.341125,0.336752,0.338391,0.338391,1241385.0
105,2025-08-06,0.333658,0.337836,0.331773,0.33722,0.33722,1445097.0
106,2025-08-05,0.332842,0.334769,0.330364,0.333611,0.333611,844817.0
107,2025-08-04,0.327468,0.333127,0.327231,0.332842,0.332842,570930.0
108,2025-08-03,0.321876,0.327514,0.321026,0.327468,0.327468,439333.0
109,2025-08-02,0.323137,0.328273,0.319493,0.321876,0.321876,484594.0
110,2025-08-01,0.324772,0.327961,0.321748,0.323137,0.323137,1355218.0
111,2025-07-31,0.327785,0.329529,0.324569,0.324772,0.324772,1258303.0
112,2025-07-30,0.337922,0.340024,0.323388,0.327785,0.327785,3339129.0
113,2025-07-29,0.32177,0.349772,0.32172,0.337922,0.337922,6432831.0
114,2025-07-28,0.320715,0.326466,0.319584,0.32177,0.32177,648725.0
115,2025-07-27,0.319801,0.322619,0.319661,0.320715,0.320715,482263.0
116,2025-07-26,0.316399,0.320532,0.316399,0.319801,0.319801,1457727.0
117,2025-07-25,0.314131,0.316788,0.31159,0.316399,0.316399,976971.0
118,2025-07-24,0.309698,0.315349,0.301247,0.314131,0.314131,644151.0
119,2025-07-23,0.315506,0.318294,0.306614,0.309698,0.309698,1549940.0
120,2025-07-22,0.314342,0.315506,0.307805,0.315506,0.315506,867818.0
121,2025-07-21,0.314317,0.317565,0.31178,0.314343,0.314343,1211199.0
122,2025-07-20,0.31789,0.320438,0.313206,0.314317,0.314317,768113.0
123,2025-07-19,0.325665,0.327316,0.317437,0.31789,0.31789,1050284.0
124,2025-07-18,0.315777,0.334132,0.315763,0.325665,0.325665,2078503.0
125,2025-07-17,0.309402,0.319008,0.308105,0.315777,0.315777,1723606.0
126,2025-07-16,0.300763,0.309464,0.300099,0.309402,0.309402,923034.0
127,2025-07-15,0.302486,0.302693,0.295726,0.300763,0.300763,1293982.0
128,2025-07-14,0.302843,0.304751,0.300505,0.302486,0.302486,851177.0
129,2025-07-13,0.302223,0.304668,0.300129,0.302843,0.302843,1204029.0
130,2025-07-12,0.300888,0.306317,0.297902,0.302223,0.302223,1816339.0
131,2025-07-11,0.292922,0.302317,0.292922,0.300888,0.300888,2528030.0
132,2025-07-10,0.290005,0.293259,0.289667,0.292922,0.292922,1719125.0
133,2025-07-09,0.287471,0.290034,0.286707,0.290005,0.290005,1432524.0
134,2025-07-08,0.286637,0.287563,0.286286,0.287471,0.287471,904007.0
135,2025-07-07,0.287121,0.28851,0.286038,0.286637,0.286637,716306.0
136,2025-07-06,0.28315,0.287219,0.283102,0.287121,0.287121,409956.0
137,2025-07-05,0.282227,0.284564,0.281966,0.28315,0.28315,263628.0
138,2025-07-04,0.286818,0.287896,0.282046,0.282227,0.282227,338254.0
139,2025-07-03,0.284742,0.2871,0.282537,0.286818,0.286818,653689.0
140,2025-07-02,0.278337,0.284832,0.278336,0.284742,0.284742,462575.0
141,2025-07-01,0.280094,0.280162,0.278068,0.278337,0.278337,2251441.0
142,2025-06-30,0.276164,0.280314,0.276164,0.280094,0.280094,384524.0
143,2025-06-29,0.274322,0.276389,0.274322,0.276164,0.276164,151720.0
144,2025-06-28,0.273016,0.276391,0.273016,0.274322,0.274322,171095.0
145,2025-06-27,0.271007,0.273023,0.271007,0.273016,0.273016,131223.0
146,2025-06-26,0.273175,0.274485,0.270603,0.271007,0.271007,267816.0
147,2025-06-25,0.274109,0.274328,0.270905,0.273175,0.273175,273734.0
148,2025-06-24,0.273232,0.274607,0.271195,0.274109,0.274109,327941.0
149,2025-06-23,0.26351,0.273513,0.26351,0.273232,0.273232,487735.0
150,2025-06-22,0.270872,0.273445,0.25931,0.26351,0.26351,266042.0
151,2025-06-21,0.272755,0.274816,0.269889,0.270872,0.270872,391551.0
152,2025-06-20,0.274671,0.275395,0.270815,0.272755,0.272755,603968.0
153,2025-06-19,0.273036,0.275754,0.272445,0.274671,0.274671,309868.0
154,2025-06-18,0.271971,0.27447,0.268292,0.273036,0.273036,182571.0
155,2025-06-17,0.275569,0.279328,0.271971,0.271971,0.271971,491919.0
156,2025-06-16,0.273267,0.283099,0.270243,0.275569,0.275569,1957257.0
157,2025-06-15,0.27107,0.273429,0.270433,0.273267,0.273267,232569.0
158,2025-06-14,0.270556,0.271913,0.269069,0.27107,0.27107,411335.0
159,2025-06-13,0.272209,0.274128,0.267672,0.270556,0.270556,82084.0
160,2025-06-12,0.278833,0.279518,0.271302,0.272209,0.272209,503999.0
161,2025-06-11,0.291475,0.292347,0.277693,0.278832,0.278832,346291.0
162,2025-06-10,0.287686,0.293795,0.285974,0.291475,0.291475,365312.0
163,2025-06-09,0.282238,0.289317,0.281672,0.287686,0.287686,471432.0
164,2025-06-08,0.286836,0.28697,0.281958,0.282238,0.282238,179530.0
165,2025-06-07,0.27758,0.286836,0.27758,0.286836,0.286836,456255.0
166,2025-06-06,0.282094,0.282095,0.275947,0.27758,0.27758,416210.0
167,2025-06-05,0.274248,0.291287,0.266782,0.282088,0.282088,1086285.0
168,2025-06-04,0.270526,0.274308,0.26855,0.274248,0.274248,436481.0
169,2025-06-03,0.268175,0.271782,0.268175,0.270526,0.270526,292077.0
170,2025-06-02,0.270788,0.271615,0.266439,0.268175,0.268175,88263.0
171,2025-06-01,0.265942,0.27081,0.265164,0.270788,0.270788,175753.0
172,2025-05-31,0.267496,0.26928,0.263623,0.265942,0.265942,458429.0
173,2025-05-30,0.274796,0.275584,0.267501,0.267501,0.267501,482098.0
174,2025-05-29,0.274335,0.277842,0.273017,0.274796,0.274796,212946.0
175,2025-05-28,0.277477,0.279217,0.274034,0.274335,0.274335,187903.0
176,2025-05-27,0.273908,0.277976,0.272462,0.277477,0.277477,519441.0
177,2025-05-26,0.271429,0.274564,0.270833,0.273908,0.273908,282684.0
178,2025-05-25,0.270521,0.273185,0.26921,0.271429,0.271429,449720.0
179,2025-05-24,0.268585,0.273522,0.268585,0.270521,0.270521,352920.0
180,2025-05-23,0.275316,0.275579,0.265568,0.268585,0.268585,1149829.0
181,2025-05-22,0.268533,0.280588,0.267507,0.275316,0.275316,800855.0
182,2025-05-21,0.268893,0.273479,0.26622,0.268533,0.268533,673854.0
183,2025-05-20,0.266098,0.274404,0.265853,0.268893,0.268893,813465.0
184,2025-05-19,0.267403,0.267404,0.260957,0.266098,0.266098,361865.0
185,2025-05-18,0.269722,0.274073,0.264283,0.267403,0.267403,907116.0
186,2025-05-17,0.272271,0.272271,0.267574,0.269722,0.269722,549267.0
187,2025-05-16,0.272624,0.277953,0.271272,0.272271,0.272271,911320.0
188,2025-05-15,0.275522,0.275949,0.267912,0.272624,0.272624,1431917.0
189,2025-05-14,0.271122,0.277986,0.269737,0.275522,0.275522,1414290.0
190,2025-05-13,0.271979,0.272539,0.261257,0.271122,0.271122,2158321.0
191,2025-05-12,0.264832,0.27937,0.263653,0.271979,0.271979,1211684.0
192,2025-05-11,0.265016,0.267623,0.260006,0.264832,0.264832,1002342.0
193,2025-05-10,0.260149,0.265016,0.258977,0.265016,0.265016,1039674.0
194,2025-05-09,0.256969,0.264939,0.254326,0.260149,0.260149,2825064.0
195,2025-05-08,0.248643,0.256969,0.248643,0.256969,0.256969,609592.0
196,2025-05-07,0.245818,0.248897,0.243816,0.248643,0.248643,455483.0
197,2025-05-06,0.248691,0.248692,0.244002,0.245818,0.245818,531055.0
198,2025-05-05,0.24651,0.250292,0.24651,0.248691,0.248691,90838.0
199,2025-05-04,0.245701,0.248756,0.245397,0.24651,0.24651,214946.0
200,2025-05-03,0.247939,0.249466,0.245305,0.245618,0.245618,291953.0
201,2025-05-02,0.244919,0.247939,0.243554,0.247939,0.247939,271359.0
202,2025-05-01,0.246656,0.249329,0.244663,0.244726,0.244726,288158.0
203,2025-04-30,0.243792,0.246896,0.24301,0.246656,0.246656,384290.0
204,2025-04-29,0.248049,0.249055,0.243594,0.243792,0.243792,317943.0
205,2025-04-28,0.245705,0.248104,0.243684,0.248049,0.248049,667788.0
206,2025-04-27,0.25199,0.254256,0.245591,0.245705,0.245705,1401516.0
207,2025-04-26,0.241799,0.252727,0.241799,0.25199,0.25199,694597.0
208,2025-04-25,0.245769,0.245864,0.241326,0.241799,0.241799,753092.0
209,2025-04-24,0.246428,0.247251,0.242341,0.245769,0.245769,510248.0
210,2025-04-23,0.247564,0.249113,0.244321,0.246428,0.246428,716201.0
211,2025-04-22,0.246249,0.248905,0.243905,0.247564,0.247564,1126501.0
212,2025-04-21,0.245025,0.246457,0.241928,0.246249,0.246249,553163.0
213,2025-04-20,0.241443,0.245881,0.241374,0.245025,0.245025,166001.0
214,2025-04-19,0.240013,0.243624,0.239847,0.241443,0.241443,331052.0
215,2025-04-18,0.247954,0.247954,0.240013,0.240013,0.240013,1138493.0
216,2025-04-17,0.248365,0.249907,0.244355,0.247954,0.247954,598149.0
217,2025-04-16,0.250439,0.254868,0.248365,0.248365,0.248365,761866.0
218,2025-04-15,0.251841,0.25341,0.247275,0.250439,0.250439,673089.0
219,2025-04-14,0.253977,0.258416,0.251708,0.251841,0.251841,1106112.0
220,2025-04-13,0.246595,0.25398,0.245964,0.253977,0.253977,384520.0
221,2025-04-12,0.24324,0.250182,0.241413,0.246595,0.246595,528114.0
222,2025-04-11,0.236331,0.24324,0.234825,0.24324,0.24324,199815.0
223,2025-04-10,0.238575,0.242639,0.235282,0.236331,0.236331,407793.0
224,2025-04-09,0.230628,0.238575,0.226929,0.238575,0.238575,596070.0
225,2025-04-08,0.228474,0.236462,0.228474,0.230628,0.230628,461659.0
226,2025-04-07,0.229646,0.231619,0.221248,0.228474,0.228474,1220655.0
227,2025-04-06,0.237514,0.239539,0.22845,0.229646,0.229646,836545.0
228,2025-04-05,0.238978,0.239124,0.236234,0.237514,0.237514,349224.0
229,2025-04-04,0.237639,0.241096,0.237271,0.238978,0.238978,701204.0
230,2025-04-03,0.233929,0.238129,0.230786,0.237639,0.237639,862035.0
231,2025-04-02,0.23777,0.239323,0.233001,0.233929,0.233929,749328.0
232,2025-04-01,0.238778,0.238907,0.23351,0.23777,0.23777,879802.0
233,2025-03-31,0.231235,0.239896,0.231235,0.238778,0.238778,859981.0
234,2025-03-30,0.232213,0.232621,0.229916,0.23122,0.23122,1147462.0
235,2025-03-29,0.232906,0.235109,0.232213,0.232213,0.232213,1410213.0
236,2025-03-28,0.234393,0.234426,0.229486,0.232914,0.232914,1133670.0
237,2025-03-27,0.231088,0.235001,0.230946,0.234393,0.234393,983431.0
238,2025-03-26,0.22721,0.231413,0.227088,0.231088,0.231088,1461896.0
239,2025-03-25,0.228123,0.228804,0.226257,0.22721,0.22721,1214181.0
240,2025-03-24,0.23,0.230015,0.226274,0.228123,0.228123,1277575.0
241,2025-03-23,0.237194,0.240555,0.229977,0.229979,0.229979,2031114.0
242,2025-03-22,0.233499,0.237831,0.233218,0.237194,0.237194,1038904.0
243,2025-03-21,0.234331,0.236862,0.230956,0.233499,0.233499,1172661.0
244,2025-03-20,0.230715,0.235751,0.228645,0.234331,0.234331,2966521.0
245,2025-03-19,0.236577,0.242851,0.229355,0.230715,0.230715,8002498.0
246,2025-03-18,0.22041,0.238423,0.22041,0.236577,0.236577,4065409.0
247,2025-03-17,0.211693,0.220454,0.211553,0.22041,0.22041,932274.0
248,2025-03-16,0.221882,0.221882,0.211533,0.211693,0.211693,463926.0
249,2025-03-15,0.222032,0.223799,0.220675,0.221882,0.221882,372567.0
250,2025-03-14,0.224632,0.225663,0.221152,0.222032,0.222032,451875.0
251,2025-03-13,0.222525,0.22624,0.222426,0.224632,0.224632,542834.0
252,2025-03-12,0.224822,0.224823,0.220884,0.222525,0.222525,330236.0
253,2025-03-11,0.229769,0.231659,0.223096,0.224822,0.224822,781152.0
254,2025-03-10,0.235474,0.237111,0.228279,0.229769,0.229769,789843.0
255,2025-03-09,0.243889,0.243889,0.235474,0.235474,0.235474,630831.0
256,2025-03-08,0.243462,0.249792,0.243462,0.243889,0.243889,3236360.0
257,2025-03-07,0.240276,0.246459,0.23596,0.243462,0.243462,676656.0
258,2025-03-06,0.243795,0.24648,0.239491,0.240276,0.240276,673891.0
259,2025-03-05,0.242287,0.244571,0.240854,0.243795,0.243795,1149352.0
260,2025-03-04,0.23108,0.242539,0.227291,0.242287,0.242287,1064680.0
261,2025-03-03,0.243761,0.245087,0.227666,0.231109,0.231109,848491.0
262,2025-03-02,0.233285,0.245969,0.232475,0.243761,0.243761,908860.0
263,2025-03-01,0.232538,0.236698,0.230507,0.233285,0.233285,550895.0
264,2025-02-28,0.227843,0.232538,0.217686,0.232538,0.232538,856046.0
265,2025-02-27,0.228111,0.229122,0.226543,0.227843,0.227843,596312.0
266,2025-02-26,0.231091,0.23122,0.223054,0.228111,0.228111,1331927.0
267,2025-02-25,0.240782,0.242795,0.225615,0.231091,0.231091,1666016.0
268,2025-02-24,0.245675,0.24825,0.240782,0.240782,0.240782,1669758.0
269,2025-02-23,0.237176,0.245675,0.237176,0.245675,0.245675,1367209.0
270,2025-02-22,0.237386,0.239263,0.234971,0.237176,0.237176,1707194.0
271,2025-02-21,0.246613,0.250247,0.235791,0.237386,0.237386,3021355.0
272,2025-02-20,0.242383,0.24762,0.237982,0.246608,0.246608,4878265.0
273,2025-02-19,0.238773,0.243368,0.238596,0.242383,0.242383,2100837.0
274,2025-02-18,0.238988,0.240663,0.233018,0.238773,0.238773,726545.0
275,2025-02-17,0.243066,0.246906,0.238987,0.238988,0.238988,691193.0
276,2025-02-16,0.237417,0.243393,0.236149,0.243066,0.243066,816474.0
277,2025-02-15,0.2312,0.23757,0.2312,0.237417,0.237417,713482.0
278,2025-02-14,0.234189,0.235808,0.230544,0.2312,0.2312,799195.0
279,2025-02-13,0.243418,0.243762,0.234189,0.234189,0.234189,580637.0
280,2025-02-12,0.2415,0.244328,0.236666,0.243418,0.243418,669221.0
281,2025-02-11,0.246111,0.248421,0.241161,0.2415,0.2415,902138.0
282,2025-02-10,0.233059,0.246201,0.229029,0.246111,0.246111,685733.0
283,2025-02-09,0.232308,0.237092,0.231371,0.233059,0.233059,892101.0
284,2025-02-08,0.229526,0.233592,0.22901,0.232308,0.232308,596371.0
285,2025-02-07,0.231271,0.233945,0.227953,0.229526,0.229526,958146.0
286,2025-02-06,0.222401,0.23191,0.221888,0.231271,0.231271,1084864.0
287,2025-02-05,0.22383,0.226645,0.222211,0.222401,0.222401,750539.0
288,2025-02-04,0.228942,0.229492,0.21657,0.22383,0.22383,1380063.0
289,2025-02-03,0.224279,0.229847,0.205189,0.228942,0.228942,1900685.0
290,2025-02-02,0.244766,0.246071,0.22293,0.224279,0.224279,1422679.0
291,2025-02-01,0.253875,0.256068,0.244495,0.244766,0.244766,1065040.0
292,2025-01-31,0.251817,0.257634,0.251578,0.253875,0.253875,959152.0
293,2025-01-30,0.240681,0.25228,0.239641,0.251817,0.251817,844560.0
294,2025-01-29,0.240004,0.243075,0.237332,0.240727,0.240727,1076727.0
295,2025-01-28,0.246067,0.247897,0.23881,0.240004,0.240004,1012999.0
296,2025-01-27,0.248255,0.248255,0.23449,0.246067,0.246067,1486407.0
297,2025-01-26,0.25365,0.253774,0.248255,0.248255,0.248255,949479.0
298,2025-01-25,0.254226,0.257241,0.253558,0.25365,0.25365,919172.0
299,2025-01-24,0.252741,0.260691,0.25068,0.254226,0.254226,1305794.0
300,2025-01-23,0.253746,0.254162,0.244418,0.252747,0.252747,1818362.0
301,2025-01-22,0.244526,0.257576,0.24452,0.253746,0.253746,1503316.0
302,2025-01-21,0.23874,0.245072,0.235614,0.244526,0.244526,1732513.0
303,2025-01-20,0.228279,0.246184,0.224525,0.23875,0.23875,3747381.0
304,2025-01-19,0.24164,0.245749,0.227682,0.22828,0.22828,2642771.0
305,2025-01-18,0.24891,0.255674,0.238745,0.241674,0.241674,2382518.0
306,2025-01-17,0.236995,0.249026,0.236985,0.24891,0.24891,733863.0
307,2025-01-16,0.2374,0.24014,0.234092,0.236974,0.236974,1634745.0
308,2025-01-15,0.221314,0.2374,0.221131,0.2374,0.2374,1417656.0
309,2025-01-14,0.22286,0.226043,0.220528,0.221314,0.221314,1999363.0
310,2025-01-13,0.233161,0.236014,0.217893,0.22286,0.22286,4517953.0
311,2025-01-12,0.241556,0.241556,0.231951,0.233161,0.233161,960018.0
312,2025-01-11,0.244316,0.244316,0.240652,0.241556,0.241556,1238859.0
313,2025-01-10,0.239459,0.244321,0.238367,0.244316,0.244316,1822166.0
314,2025-01-09,0.250304,0.251046,0.23848,0.239459,0.239459,1717022.0
315,2025-01-08,0.252932,0.254475,0.244856,0.250304,0.250304,2921371.0
316,2025-01-07,0.268534,0.271148,0.252932,0.252932,0.252932,2931921.0
317,2025-01-06,0.262731,0.269363,0.260267,0.268534,0.268534,1827640.0
318,2025-01-05,0.269967,0.269967,0.261551,0.262731,0.262731,2556710.0
319,2025-01-04,0.269667,0.272661,0.266706,0.269967,0.269967,1938597.0
320,2025-01-03,0.265065,0.270326,0.26106,0.269667,0.269667,1861432.0
321,2025-01-02,0.255257,0.266054,0.255174,0.265065,0.265065,4263446.0
322,2025-01-01,0.254135,0.255388,0.252749,0.255257,0.255257,2076964.0
323,2024-12-31,0.252623,0.256772,0.251386,0.254135,0.254135,3409146.0
324,2024-12-30,0.257116,0.258903,0.251336,0.252622,0.252622,2571536.0
325,2024-12-29,0.257988,0.262442,0.256713,0.257116,0.257116,3236138.0
326,2024-12-28,0.258747,0.262353,0.2567,0.257988,0.257988,3041292.0
327,2024-12-27,0.253095,0.264534,0.253095,0.258747,0.258747,5049350.0
328,2024-12-26,0.257405,0.258105,0.250137,0.253095,0.253095,3513707.0
329,2024-12-25,0.256113,0.258312,0.255495,0.257405,0.257405,2610038.0
330,2024-12-24,0.252439,0.258648,0.25062,0.256113,0.256113,2661599.0
331,2024-12-23,0.243929,0.253,0.242283,0.252439,0.252439,2748773.0
332,2024-12-22,0.244513,0.249149,0.24248,0.24393,0.24393,2164948.0
333,2024-12-21,0.247978,0.255028,0.24247,0.244433,0.244433,2335029.0
334,2024-12-20,0.251754,0.253745,0.231217,0.247978,0.247978,7798284.0
335,2024-12-19,0.258315,0.265676,0.244542,0.251754,0.251754,4066165.0
336,2024-12-18,0.279317,0.280821,0.258258,0.258315,0.258315,3337189.0
337,2024-12-17,0.297149,0.297284,0.278614,0.279177,0.279177,3393523.0
338,2024-12-16,0.285397,0.303732,0.277673,0.297149,0.297149,3754914.0
339,2024-12-15,0.281896,0.285953,0.276408,0.28556,0.28556,2830419.0
340,2024-12-14,0.289553,0.296524,0.278858,0.281896,0.281896,3195600.0
341,2024-12-13,0.29663,0.300325,0.285998,0.289553,0.289553,2904019.0
342,2024-12-12,0.282451,0.307941,0.281831,0.296628,0.296628,3929563.0
343,2024-12-11,0.269838,0.286743,0.262996,0.282451,0.282451,3453691.0
344,2024-12-10,0.262775,0.27762,0.25,0.269803,0.269803,5739608.0
345,2024-12-09,0.317576,0.318384,0.248161,0.262781,0.262781,7051717.0
346,2024-12-08,0.320355,0.321692,0.309642,0.317576,0.317576,5923478.0
347,2024-12-07,0.322524,0.330363,0.318762,0.31967,0.31967,3885998.0
348,2024-12-06,0.321876,0.327489,0.31274,0.322524,0.322524,3795204.0
349,2024-12-05,0.329386,0.340467,0.319283,0.321388,0.321388,8472978.0
350,2024-12-04,0.428527,0.4368,0.326402,0.329563,0.329563,16978669.0
351,2024-12-03,0.219505,0.437017,0.219505,0.425411,0.425411,20335708.0
352,2024-12-02,0.207475,0.219505,0.204088,0.219505,0.219505,3308870.0
353,2024-12-01,0.205556,0.209175,0.203111,0.207475,0.207475,3342562.0
354,2024-11-30,0.204725,0.206988,0.203139,0.205556,0.205556,2729601.0
355,2024-11-29,0.203344,0.206249,0.201245,0.204725,0.204725,2744179.0
356,2024-11-28,0.201353,0.203358,0.198969,0.203344,0.203344,3018956.0
357,2024-11-27,0.193947,0.201845,0.193834,0.201353,0.201353,3196607.0
358,2024-11-26,0.196188,0.200548,0.187004,0.193947,0.193947,4827410.0
359,2024-11-25,0.208009,0.211715,0.195785,0.196188,0.196188,4965163.0
360,2024-11-24,0.212042,0.217027,0.202569,0.208009,0.208009,3755298.0
361,2024-11-23,0.204504,0.225268,0.204504,0.21204,0.21204,9502538.0
362,2024-11-22,0.198545,0.204504,0.19791,0.204504,0.204504,6379231.0
363,2024-11-21,0.195473,0.200848,0.193657,0.198468,0.198468,3771660.0
364,2024-11-20,0.199523,0.199659,0.194111,0.195486,0.195486,4398125.0
365,2024-11-19,0.202123,0.20587,0.19922,0.199523,0.199523,5542792.0
366,2024-11-18,0.199158,0.205802,0.199158,0.202113,0.202113,4734600.0
367,2024-11-17,0.200167,0.200825,0.193829,0.199158,0.199158,4525273.0
368,2024-11-16,0.189572,0.203872,0.189101,0.200167,0.200167,6633919.0
369,2024-11-15,0.17807,0.189527,0.176929,0.18924,0.18924,10119815.0
370,2024-11-14,0.176721,0.183551,0.176721,0.178394,0.178394,8204623.0
371,2024-11-13,0.185173,0.189279,0.175103,0.176721,0.176721,11006119.0
372,2024-11-12,0.167493,0.185184,0.165236,0.185173,0.185173,8860217.0
373,2024-11-11,0.163963,0.167493,0.163963,0.167493,0.167493,7683662.0
374,2024-11-10,0.161636,0.166605,0.161522,0.163963,0.163963,3833171.0
375,2024-11-09,0.161049,0.161631,0.160176,0.161631,0.161631,2985006.0
376,2024-11-08,0.160357,0.161752,0.160316,0.161049,0.161049,3553833.0
377,2024-11-07,0.162704,0.162726,0.159966,0.160357,0.160357,4887208.0
378,2024-11-06,0.160198,0.163854,0.160198,0.162704,0.162704,3462509.0
379,2024-11-05,0.162931,0.162949,0.160169,0.160198,0.160198,2226159.0
380,2024-11-04,0.165034,0.16539,0.162913,0.162931,0.162931,2692051.0
381,2024-11-03,0.166289,0.166314,0.163311,0.165034,0.165034,2845502.0
382,2024-11-02,0.167213,0.167578,0.166047,0.166289,0.166289,4958384.0
383,2024-11-01,0.16798,0.16821,0.166621,0.167213,0.167213,1888256.0
384,2024-10-31,0.16943,0.170174,0.167761,0.16798,0.16798,4751871.0
385,2024-10-30,0.165937,0.16945,0.165826,0.16943,0.16943,3626004.0
386,2024-10-29,0.163746,0.165937,0.163687,0.165937,0.165937,5697929.0
387,2024-10-28,0.164212,0.164212,0.163293,0.163746,0.163746,5147287.0
388,2024-10-27,0.164755,0.165823,0.164211,0.164211,0.164211,4487785.0
389,2024-10-26,0.163613,0.164843,0.162513,0.164755,0.164755,5314571.0
390,2024-10-25,0.164592,0.166484,0.163196,0.163613,0.163613,4520593.0
391,2024-10-24,0.159968,0.164607,0.159947,0.164592,0.164592,6910099.0
392,2024-10-23,0.160089,0.160301,0.159372,0.159918,0.159918,5894592.0
393,2024-10-22,0.158371,0.16037,0.157732,0.160089,0.160089,5492784.0
394,2024-10-21,0.156702,0.158384,0.155875,0.15837,0.15837,5263046.0
395,2024-10-20,0.156884,0.157025,0.156308,0.156702,0.156702,5576975.0
396,2024-10-19,0.158728,0.158985,0.156924,0.156924,0.156924,6271291.0
397,2024-10-18,0.159606,0.159621,0.158726,0.158728,0.158728,2751700.0
398,2024-10-17,0.159927,0.160372,0.159594,0.159606,0.159606,6176893.0
399,2024-10-16,0.158825,0.160248,0.158749,0.159927,0.159927,6912580.0
400,2024-10-15,0.160582,0.160583,0.157995,0.158825,0.158825,6030543.0
401,2024-10-14,0.162458,0.162718,0.159778,0.160583,0.160583,9506995.0
402,2024-10-13,0.162839,0.163256,0.162015,0.162461,0.162461,2088974.0
403,2024-10-12,0.160106,0.163732,0.159224,0.162841,0.162841,3383892.0
404,2024-10-11,0.159067,0.161189,0.1582,0.160115,0.160115,6472010.0
405,2024-10-10,0.160347,0.160441,0.158769,0.159067,0.159067,5267161.0
406,2024-10-09,0.15982,0.161625,0.159521,0.160347,0.160347,10804267.0
407,2024-10-08,0.156099,0.160055,0.155715,0.15982,0.15982,13846028.0
408,2024-10-07,0.154353,0.15636,0.154022,0.156099,0.156099,11990587.0
409,2024-10-06,0.153708,0.154551,0.15332,0.154353,0.154353,9863606.0
410,2024-10-05,0.156629,0.156655,0.153705,0.153709,0.153709,9707314.0
411,2024-10-04,0.15738,0.15774,0.156627,0.156629,0.156629,11526305.0
412,2024-10-03,0.154438,0.157391,0.153847,0.15738,0.15738,11380554.0
413,2024-10-02,0.153513,0.155037,0.153127,0.154439,0.154439,12822501.0
414,2024-10-01,0.156272,0.157265,0.153432,0.153514,0.153514,15786627.0
415,2024-09-30,0.156769,0.156769,0.154912,0.156281,0.156281,12586432.0
416,2024-09-29,0.154743,0.157333,0.154532,0.15679,0.15679,12007513.0
417,2024-09-28,0.154869,0.155208,0.153853,0.154742,0.154742,12209826.0
418,2024-09-27,0.153292,0.155321,0.153291,0.15487,0.15487,18279291.0
419,2024-09-26,0.150052,0.153316,0.149613,0.153295,0.153295,15674072.0
420,2024-09-25,0.151184,0.151276,0.150052,0.150052,0.150052,13735868.0
421,2024-09-24,0.152442,0.152796,0.15109,0.151184,0.151184,15564874.0
422,2024-09-23,0.15181,0.155715,0.151552,0.152442,0.152442,19161223.0
423,2024-09-22,0.152153,0.152198,0.151206,0.15181,0.15181,18242229.0
424,2024-09-21,0.152223,0.152379,0.151671,0.152163,0.152163,14322027.0
425,2024-09-20,0.151598,0.152755,0.151598,0.152223,0.152223,26494056.0
426,2024-09-19,0.149403,0.151647,0.149403,0.151594,0.151594,25820779.0
427,2024-09-18,0.149916,0.150099,0.149204,0.149395,0.149395,22238898.0
428,2024-09-17,0.148657,0.151041,0.148522,0.149916,0.149916,22080046.0
429,2024-09-16,0.148786,0.14939,0.148065,0.148658,0.148658,19667134.0
430,2024-09-15,0.147408,0.1493,0.147237,0.148786,0.148786,16174174.0
431,2024-09-14,0.149015,0.14905,0.147275,0.147408,0.147408,18448216.0
432,2024-09-13,0.152058,0.152058,0.148857,0.149014,0.149014,17359101.0
433,2024-09-12,0.153112,0.154137,0.152018,0.152059,0.152059,30863956.0
434,2024-09-11,0.153175,0.153178,0.152021,0.153112,0.153112,17788910.0
435,2024-09-10,0.154341,0.15436,0.152332,0.153175,0.153175,19086119.0
436,2024-09-09,0.153028,0.154833,0.153022,0.15434,0.15434,15512101.0
437,2024-09-08,0.151364,0.153062,0.151304,0.153026,0.153026,11247111.0
438,2024-09-07,0.147607,0.151857,0.147599,0.151366,0.151366,16376646.0
439,2024-09-06,0.149909,0.15009,0.146934,0.147607,0.147607,16290218.0
440,2024-09-05,0.149973,0.150916,0.149364,0.149911,0.149911,10884162.0
441,2024-09-04,0.150541,0.151774,0.149142,0.149972,0.149972,18149547.0
442,2024-09-03,0.154078,0.154173,0.150547,0.150547,0.150547,19957988.0
443,2024-09-02,0.155468,0.157178,0.154018,0.154075,0.154075,25061595.0
444,2024-09-01,0.157706,0.157806,0.155389,0.155467,0.155467,18584289.0
445,2024-08-31,0.159806,0.159873,0.156994,0.157706,0.157706,14920235.0
446,2024-08-30,0.159959,0.161492,0.159331,0.159806,0.159806,22189931.0
447,2024-08-29,0.158006,0.161148,0.157991,0.159959,0.159959,36778635.0
448,2024-08-28,0.157879,0.159644,0.157521,0.158006,0.158006,32592632.0
449,2024-08-27,0.161901,0.162794,0.157848,0.157881,0.157881,42608663.0
450,2024-08-26,0.166487,0.168239,0.161883,0.161901,0.161901,27446719.0
451,2024-08-25,0.15879,0.166969,0.157107,0.166487,0.166487,38672949.0
452,2024-08-24,0.15843,0.162751,0.158151,0.15879,0.15879,23864285.0
453,2024-08-23,0.155627,0.158604,0.154101,0.158418,0.158418,31812741.0
454,2024-08-22,0.153985,0.159463,0.148487,0.155626,0.155626,23444406.0
455,2024-08-21,0.146016,0.161619,0.145994,0.153988,0.153988,37124622.0
456,2024-08-20,0.142986,0.146378,0.142508,0.146016,0.146016,10532500.0
457,2024-08-19,0.135067,0.143184,0.134412,0.142986,0.142986,26886746.0
458,2024-08-18,0.13505,0.135621,0.132711,0.135067,0.135067,8795304.0
459,2024-08-17,0.133722,0.136045,0.133666,0.13505,0.13505,8776062.0
460,2024-08-16,0.130179,0.133722,0.129373,0.133722,0.133722,4374564.0
461,2024-08-15,0.130224,0.131657,0.130126,0.130179,0.130179,1600481.0
462,2024-08-14,0.128629,0.130572,0.128562,0.130224,0.130224,1470331.0
463,2024-08-13,0.126982,0.128676,0.125831,0.128629,0.128629,1457998.0
464,2024-08-12,0.128083,0.128194,0.12657,0.126982,0.126982,766296.0
465,2024-08-11,0.129126,0.129263,0.128073,0.128083,0.128083,409859.0
466,2024-08-10,0.127699,0.129285,0.127699,0.129126,0.129126,1012560.0
467,2024-08-09,0.126545,0.127761,0.126528,0.127699,0.127699,622449.0
468,2024-08-08,0.124454,0.126634,0.12443,0.126545,0.126545,1812845.0
469,2024-08-07,0.123526,0.124493,0.12351,0.124454,0.124454,860765.0
470,2024-08-06,0.121533,0.123826,0.121523,0.123526,0.123526,1760588.0
471,2024-08-05,0.126625,0.126694,0.117285,0.121533,0.121533,5922874.0
472,2024-08-04,0.12506,0.128461,0.124776,0.126625,0.126625,2032585.0
473,2024-08-03,0.12353,0.125274,0.123081,0.12506,0.12506,1069200.0
474,2024-08-02,0.127907,0.128131,0.123188,0.12353,0.12353,2677094.0
475,2024-08-01,0.128801,0.129199,0.127311,0.127907,0.127907,1280211.0
476,2024-07-31,0.132952,0.132967,0.128801,0.128801,0.128801,1800237.0
477,2024-07-30,0.137498,0.138055,0.132919,0.132952,0.132952,2155825.0
478,2024-07-29,0.138449,0.139536,0.135494,0.137498,0.137498,22905419.0
479,2024-07-28,0.137198,0.13878,0.136764,0.138449,0.138449,793851.0
480,2024-07-27,0.137106,0.137842,0.136881,0.137198,0.137198,618496.0
481,2024-07-26,0.135562,0.13733,0.135562,0.137106,0.137106,1549961.0
482,2024-07-25,0.134146,0.135751,0.13368,0.135562,0.135562,2029041.0
483,2024-07-24,0.133611,0.134472,0.133525,0.134146,0.134146,863772.0
484,2024-07-23,0.132891,0.133666,0.131394,0.133611,0.133611,1328428.0
485,2024-07-22,0.134307,0.136717,0.132864,0.132891,0.132891,1351842.0
486,2024-07-21,0.135046,0.135126,0.134272,0.134307,0.134307,1154233.0
487,2024-07-20,0.134454,0.135122,0.134246,0.135046,0.135046,2416837.0
488,2024-07-19,0.1341,0.135448,0.134077,0.134454,0.134454,1614621.0
489,2024-07-18,0.134041,0.134433,0.133624,0.1341,0.1341,772901.0
490,2024-07-17,0.134194,0.134878,0.134041,0.134041,0.134041,1244679.0
491,2024-07-16,0.13713,0.137148,0.133351,0.134194,0.134194,1288391.0
492,2024-07-15,0.138008,0.138606,0.137128,0.13713,0.13713,950426.0
493,2024-07-14,0.139915,0.140156,0.137783,0.138008,0.138008,2744250.0
494,2024-07-13,0.136775,0.141032,0.136775,0.139915,0.139915,1414002.0
495,2024-07-12,0.134807,0.136791,0.134392,0.136775,0.136775,704493.0
496,2024-07-11,0.131293,0.135037,0.131166,0.134807,0.134807,1386405.0
497,2024-07-10,0.129729,0.131377,0.129545,0.131293,0.131293,769256.0
498,2024-07-09,0.125837,0.129878,0.125821,0.129729,0.129729,1478435.0
499,2024-07-08,0.124951,0.12607,0.123289,0.125837,0.125837,1581405.0
500,2024-07-07,0.129951,0.130584,0.124951,0.124951,0.124951,1219484.0
501,2024-07-06,0.126758,0.130024,0.126747,0.129951,0.129951,683614.0
502,2024-07-05,0.127639,0.127639,0.12155,0.126758,0.126758,2925078.0
503,2024-07-04,0.128852,0.128956,0.12573,0.127639,0.127639,2328213.0
504,2024-07-03,0.128694,0.129465,0.128453,0.128852,0.128852,916332.0
505,2024-07-02,0.127961,0.128727,0.127511,0.128694,0.128694,728080.0
506,2024-07-01,0.124714,0.128498,0.124447,0.127961,0.127961,2630261.0
507,2024-06-30,0.125527,0.125604,0.124552,0.124714,0.124714,731675.0
508,2024-06-29,0.12309,0.12559,0.122876,0.125527,0.125527,1001651.0
509,2024-06-28,0.122278,0.123208,0.121843,0.12309,0.12309,771157.0
510,2024-06-27,0.122749,0.123469,0.122278,0.122278,0.122278,2344975.0
511,2024-06-26,0.121746,0.124476,0.121568,0.122749,0.122749,1926587.0
512,2024-06-25,0.11918,0.121755,0.119131,0.121746,0.121746,2204444.0
513,2024-06-24,0.119446,0.119932,0.117609,0.11918,0.11918,2814225.0
514,2024-06-23,0.119601,0.120066,0.119394,0.119446,0.119446,628813.0
515,2024-06-22,0.118327,0.119714,0.117922,0.119601,0.119601,674028.0
516,2024-06-21,0.116481,0.118393,0.116481,0.118327,0.118327,761919.0
517,2024-06-20,0.116113,0.117189,0.116018,0.116481,0.116481,2414070.0
518,2024-06-19,0.115196,0.117244,0.11518,0.116113,0.116113,1644909.0
519,2024-06-18,0.117172,0.117172,0.114146,0.115196,0.115196,2164401.0
520,2024-06-17,0.116802,0.117677,0.116473,0.117172,0.117172,1662512.0
521,2024-06-16,0.115134,0.116802,0.115051,0.116802,0.116802,697175.0
522,2024-06-15,0.116321,0.116429,0.114793,0.115134,0.115134,644555.0
523,2024-06-14,0.116654,0.116776,0.115689,0.116321,0.116321,856687.0
524,2024-06-13,0.116517,0.11712,0.115874,0.116654,0.116654,1180130.0
525,2024-06-12,0.116518,0.117439,0.116299,0.116517,0.116517,835100.0
526,2024-06-11,0.117393,0.117697,0.116187,0.116518,0.116518,1090830.0
527,2024-06-10,0.116512,0.117408,0.116321,0.117393,0.117393,980482.0
528,2024-06-09,0.114728,0.116515,0.114026,0.116512,0.116512,699962.0
529,2024-06-08,0.112685,0.114764,0.112389,0.114728,0.114728,1101814.0
530,2024-06-07,0.114512,0.114803,0.112512,0.112685,0.112685,1631434.0
531,2024-06-06,0.11446,0.115357,0.114109,0.114512,0.114512,1579814.0
532,2024-06-05,0.114822,0.114977,0.113949,0.11446,0.11446,1213196.0
533,2024-06-04,0.113795,0.114891,0.113423,0.114822,0.114822,780421.0
534,2024-06-03,0.114979,0.115037,0.11319,0.113795,0.113795,772071.0
535,2024-06-02,0.112438,0.115045,0.112363,0.114979,0.114979,827095.0
536,2024-06-01,0.111877,0.11253,0.111006,0.112438,0.112438,862777.0
537,2024-05-31,0.11165,0.112226,0.110989,0.111877,0.111877,1224928.0
538,2024-05-30,0.111934,0.112016,0.110965,0.11165,0.11165,771875.0
539,2024-05-29,0.111166,0.112262,0.111115,0.111934,0.111934,1886387.0
540,2024-05-28,0.112016,0.112178,0.110488,0.111166,0.111166,943410.0
541,2024-05-27,0.113159,0.1132,0.111079,0.112016,0.112016,1368805.0
542,2024-05-26,0.113978,0.114003,0.112997,0.113159,0.113159,628047.0
543,2024-05-25,0.115125,0.115681,0.11301,0.113978,0.113978,1565132.0
544,2024-05-24,0.114717,0.115298,0.113606,0.115125,0.115125,1249525.0
545,2024-05-23,0.12038,0.12038,0.114065,0.114717,0.114717,1775921.0
546,2024-05-22,0.12342,0.123656,0.120367,0.12038,0.12038,1668418.0
547,2024-05-21,0.124002,0.124268,0.122903,0.12342,0.12342,1294733.0
548,2024-05-20,0.120985,0.124005,0.120985,0.124002,0.124002,1140736.0
549,2024-05-19,0.12346,0.123535,0.120402,0.120985,0.120985,978650.0
550,2024-05-18,0.124762,0.124783,0.123271,0.12346,0.12346,792087.0
551,2024-05-17,0.125236,0.125246,0.124273,0.124762,0.124762,543416.0
552,2024-05-16,0.126506,0.126674,0.124414,0.125236,0.125236,1265763.0
553,2024-05-15,0.125302,0.126566,0.124973,0.126506,0.126506,749062.0
554,2024-05-14,0.126026,0.126089,0.124486,0.125302,0.125302,1119615.0
555,2024-05-13,0.126871,0.127112,0.125767,0.126026,0.126026,1422037.0
556,2024-05-12,0.126508,0.12688,0.126281,0.126871,0.126871,425755.0
557,2024-05-11,0.126985,0.127272,0.126044,0.126508,0.126508,537789.0
558,2024-05-10,0.126397,0.127619,0.124621,0.126985,0.126985,3474518.0
559,2024-05-09,0.122938,0.12686,0.122928,0.126397,0.126397,1151925.0
560,2024-05-08,0.120824,0.123387,0.120689,0.122938,0.122938,1312408.0
561,2024-05-07,0.119064,0.121298,0.118367,0.120824,0.120824,2324157.0
562,2024-05-06,0.121223,0.121912,0.118744,0.119064,0.119064,1842482.0
563,2024-05-05,0.122727,0.122745,0.121187,0.121223,0.121223,604236.0
564,2024-05-04,0.123021,0.123316,0.122727,0.122727,0.122727,479651.0
565,2024-05-03,0.122695,0.123594,0.122225,0.123021,0.123021,868194.0
566,2024-05-02,0.119992,0.123585,0.119988,0.122695,0.122695,6927851.0
567,2024-05-01,0.119063,0.120547,0.117061,0.119992,0.119992,2063876.0
568,2024-04-30,0.119188,0.120934,0.117871,0.119063,0.119063,2848938.0
569,2024-04-29,0.121129,0.121222,0.118066,0.119188,0.119188,1340050.0
570,2024-04-28,0.119651,0.121275,0.119615,0.121129,0.121129,674048.0
571,2024-04-27,0.120262,0.12047,0.11898,0.119651,0.119651,1339543.0
572,2024-04-26,0.117092,0.120327,0.116358,0.120262,0.120262,1972976.0
573,2024-04-25,0.113422,0.117172,0.113403,0.117092,0.117092,1318676.0
574,2024-04-24,0.11364,0.114135,0.11274,0.113422,0.113422,1502615.0
575,2024-04-23,0.112363,0.113642,0.111735,0.11364,0.11364,1587868.0
576,2024-04-22,0.111165,0.112404,0.110497,0.112363,0.112363,1956843.0
577,2024-04-21,0.111262,0.111415,0.110655,0.111165,0.111165,1127210.0
578,2024-04-20,0.109745,0.111318,0.109375,0.111262,0.111262,967020.0
579,2024-04-19,0.10924,0.110453,0.105725,0.109745,0.109745,3191339.0
580,2024-04-18,0.110098,0.110098,0.107936,0.10924,0.10924,2017208.0
581,2024-04-17,0.111678,0.11292,0.10935,0.110098,0.110098,1559520.0
582,2024-04-16,0.111115,0.111725,0.109194,0.111678,0.111678,1895756.0
583,2024-04-15,0.112261,0.115219,0.11048,0.111115,0.111115,2886301.0
584,2024-04-14,0.110098,0.112348,0.10921,0.112261,0.112261,2180727.0
585,2024-04-13,0.115067,0.115067,0.108224,0.110098,0.110098,2954343.0
586,2024-04-12,0.120539,0.121955,0.113811,0.115067,0.115067,2567718.0
587,2024-04-11,0.11893,0.120542,0.118754,0.120539,0.120539,1198308.0
588,2024-04-10,0.121022,0.12347,0.118136,0.11893,0.11893,1914314.0
589,2024-04-09,0.123325,0.123374,0.120709,0.121022,0.121022,1220828.0
590,2024-04-08,0.120525,0.123426,0.120478,0.123325,0.123325,1936998.0
591,2024-04-07,0.119534,0.120704,0.119486,0.120525,0.120525,628159.0
592,2024-04-06,0.117674,0.119534,0.117661,0.119534,0.119534,1028938.0
593,2024-04-05,0.118966,0.119212,0.117597,0.117674,0.117674,1295834.0
594,2024-04-04,0.116856,0.119249,0.116577,0.118966,0.118966,2135886.0
595,2024-04-03,0.116474,0.118229,0.115954,0.116856,0.116856,4064856.0
596,2024-04-02,0.1207,0.120708,0.116265,0.116474,0.116474,1730373.0
597,2024-04-01,0.122847,0.123309,0.120275,0.1207,0.1207,3102253.0
598,2024-03-31,0.122426,0.12305,0.122123,0.122847,0.122847,1485924.0
599,2024-03-30,0.120045,0.122524,0.119906,0.122426,0.122426,1278125.0
600,2024-03-29,0.120328,0.120766,0.119887,0.120045,0.120045,1215350.0
601,2024-03-28,0.119534,0.120466,0.119114,0.120328,0.120328,1000384.0
602,2024-03-27,0.121094,0.121387,0.11934,0.119534,0.119534,1292384.0
603,2024-03-26,0.120681,0.121967,0.120557,0.121094,0.121094,1039856.0
604,2024-03-25,0.119982,0.120688,0.113337,0.120681,0.120681,12655973.0
605,2024-03-24,0.11888,0.120349,0.11527,0.119982,0.119982,10050964.0
606,2024-03-23,0.116789,0.119669,0.115157,0.11888,0.11888,14385683.0
607,2024-03-22,0.12091,0.12117,0.115284,0.116789,0.116789,6605095.0
608,2024-03-21,0.120802,0.121658,0.12058,0.12091,0.12091,1598162.0
609,2024-03-20,0.112409,0.12081,0.110714,0.120802,0.120802,27715523.0
610,2024-03-19,0.12371,0.123992,0.110718,0.112409,0.112409,22269148.0
611,2024-03-18,0.125981,0.126318,0.123234,0.12371,0.12371,2088229.0
612,2024-03-17,0.124793,0.126101,0.124375,0.125981,0.125981,1814790.0
613,2024-03-16,0.126019,0.126984,0.124742,0.124793,0.124793,1170540.0
614,2024-03-15,0.128691,0.128925,0.125348,0.126019,0.126019,1750265.0
615,2024-03-14,0.132329,0.132425,0.128063,0.128691,0.128691,1841982.0
616,2024-03-13,0.131266,0.132368,0.131239,0.132329,0.132329,949192.0
617,2024-03-12,0.133294,0.133657,0.130908,0.131266,0.131266,1471619.0
618,2024-03-11,0.134166,0.134357,0.131885,0.133294,0.133294,1997403.0
619,2024-03-10,0.135815,0.136497,0.134053,0.134166,0.134166,1407279.0
620,2024-03-09,0.136825,0.137592,0.135775,0.135815,0.135815,1672909.0
621,2024-03-08,0.137725,0.138171,0.136598,0.136825,0.136825,1375838.0
622,2024-03-07,0.137566,0.13804,0.136972,0.137725,0.137725,1179184.0
623,2024-03-06,0.135817,0.138192,0.135797,0.137566,0.137566,1930256.0
624,2024-03-05,0.140447,0.140874,0.135349,0.135817,0.135817,2330052.0
625,2024-03-04,0.14063,0.141525,0.1395,0.140447,0.140447,3381174.0
626,2024-03-03,0.141036,0.141179,0.13974,0.14063,0.14063,1206007.0
627,2024-03-02,0.14115,0.141351,0.140614,0.141036,0.141036,939480.0
628,2024-03-01,0.1409,0.141248,0.140609,0.14115,0.14115,757224.0
629,2024-02-29,0.142185,0.143256,0.140837,0.1409,0.1409,1856108.0
630,2024-02-28,0.142624,0.143735,0.141665,0.142185,0.142185,1899973.0
631,2024-02-27,0.139696,0.142824,0.139535,0.142624,0.142624,1371401.0
632,2024-02-26,0.137112,0.139696,0.137109,0.139696,0.139696,991952.0
633,2024-02-25,0.137112,0.137521,0.137013,0.137112,0.137112,1162454.0
634,2024-02-24,0.138339,0.138339,0.136924,0.137112,0.137112,781411.0
635,2024-02-23,0.139158,0.139401,0.137931,0.138339,0.138339,1019747.0
636,2024-02-22,0.139287,0.140109,0.139044,0.139158,0.139158,1014098.0
637,2024-02-21,0.139491,0.139963,0.138625,0.139287,0.139287,1171789.0
638,2024-02-20,0.136136,0.139526,0.136127,0.139491,0.139491,1711263.0
639,2024-02-19,0.134987,0.13648,0.134979,0.136136,0.136136,1597168.0
640,2024-02-18,0.136043,0.136049,0.134821,0.134987,0.134987,695137.0
641,2024-02-17,0.132421,0.138845,0.132421,0.136043,0.136043,2307868.0
642,2024-02-16,0.130871,0.13249,0.1308,0.132421,0.132421,1044586.0
643,2024-02-15,0.129249,0.131417,0.129242,0.130871,0.130871,1738747.0
644,2024-02-14,0.126667,0.129556,0.126629,0.129249,0.129249,1434531.0
645,2024-02-13,0.125364,0.127052,0.12464,0.126667,0.126667,3832354.0
646,2024-02-12,0.124503,0.125965,0.124,0.125364,0.125364,1243357.0
647,2024-02-11,0.12441,0.125225,0.124205,0.124503,0.124503,1128275.0
648,2024-02-10,0.124025,0.124689,0.123309,0.12441,0.12441,1113668.0
649,2024-02-09,0.122158,0.1241,0.122028,0.124025,0.124025,4836186.0
650,2024-02-08,0.123672,0.126826,0.121005,0.122158,0.122158,5865616.0
651,2024-02-07,0.121206,0.12586,0.12119,0.123672,0.123672,3300055.0
652,2024-02-06,0.118482,0.124678,0.118482,0.121206,0.121206,2542694.0
653,2024-02-05,0.118534,0.119483,0.118177,0.118482,0.118482,845519.0
654,2024-02-04,0.117037,0.118583,0.116802,0.118534,0.118534,601460.0
655,2024-02-03,0.116492,0.117226,0.116343,0.117037,0.117037,508166.0
656,2024-02-02,0.115335,0.117843,0.115312,0.116492,0.116492,1562692.0
657,2024-02-01,0.112265,0.115425,0.111601,0.115335,0.115335,1106850.0
658,2024-01-31,0.112176,0.113165,0.111742,0.112265,0.112265,1237715.0
659,2024-01-30,0.113,0.113041,0.111708,0.112176,0.112176,1273355.0
660,2024-01-29,0.112291,0.113947,0.112197,0.113,0.113,1744823.0
661,2024-01-28,0.112397,0.113107,0.111931,0.112291,0.112291,641206.0
662,2024-01-27,0.114747,0.115876,0.112294,0.112397,0.112397,1057718.0
663,2024-01-26,0.112019,0.114896,0.112012,0.114747,0.114747,978039.0
664,2024-01-25,0.108409,0.11213,0.108398,0.112019,0.112019,1492057.0
665,2024-01-24,0.106806,0.108567,0.106806,0.108409,0.108409,922546.0
666,2024-01-23,0.109266,0.109606,0.106283,0.106806,0.106806,1271563.0
667,2024-01-22,0.109251,0.109448,0.108094,0.109266,0.109266,1051429.0
668,2024-01-21,0.110079,0.111156,0.109251,0.109251,0.109251,783670.0
669,2024-01-20,0.110187,0.110795,0.109828,0.110079,0.110079,900699.0
670,2024-01-19,0.107762,0.110279,0.107117,0.110187,0.110187,3266790.0
671,2024-01-18,0.108013,0.109538,0.107181,0.107762,0.107762,1760963.0
672,2024-01-17,0.108413,0.108951,0.107671,0.108013,0.108013,1340728.0
673,2024-01-16,0.108483,0.110088,0.107771,0.108413,0.108413,1862127.0
674,2024-01-15,0.111363,0.114137,0.108149,0.108483,0.108483,2272515.0
675,2024-01-14,0.114441,0.117203,0.111363,0.111363,0.111363,2444606.0
676,2024-01-13,0.106531,0.115652,0.106519,0.114441,0.114441,3770296.0
677,2024-01-12,0.105857,0.107683,0.105857,0.106531,0.106531,1439000.0
678,2024-01-11,0.105385,0.107227,0.104943,0.105857,0.105857,1393752.0
679,2024-01-10,0.102387,0.105452,0.102387,0.105385,0.105385,1250000.0
680,2024-01-09,0.104192,0.104303,0.101409,0.102387,0.102387,1325863.0
681,2024-01-08,0.103045,0.104267,0.101681,0.104182,0.104182,1366636.0
682,2024-01-07,0.104005,0.104273,0.102998,0.103045,0.103045,663441.0
683,2024-01-06,0.103493,0.104142,0.102094,0.104003,0.104003,925058.0
684,2024-01-05,0.107541,0.107595,0.102825,0.103492,0.103492,1182635.0
685,2024-01-04,0.106253,0.108321,0.106253,0.107527,0.107527,1244124.0
686,2024-01-03,0.108634,0.109911,0.104101,0.1063,0.1063,2875773.0
687,2024-01-02,0.107793,0.110192,0.107698,0.108617,0.108617,2220262.0
688,2024-01-01,0.107863,0.108032,0.106356,0.107793,0.107793,603269.0
689,2023-12-31,0.1058,0.108536,0.105506,0.107867,0.107867,1467214.0
690,2023-12-30,0.105661,0.106452,0.105408,0.10579,0.10579,881734.0
691,2023-12-29,0.105544,0.106496,0.102746,0.10567,0.10567,1064015.0
692,2023-12-28,0.10524,0.108192,0.102841,0.105543,0.105543,1204976.0
693,2023-12-27,0.103225,0.105255,0.102812,0.105225,0.105225,768999.0
694,2023-12-26,0.106077,0.106364,0.102742,0.103232,0.103232,1723314.0
695,2023-12-25,0.105104,0.107119,0.105091,0.106072,0.106072,1278504.0
696,2023-12-24,0.106497,0.107019,0.105094,0.105094,0.105094,1208811.0
697,2023-12-23,0.104571,0.106657,0.104267,0.106487,0.106487,1228915.0
698,2023-12-22,0.104288,0.104634,0.104081,0.104574,0.104574,861673.0
699,2023-12-21,0.102806,0.104388,0.102792,0.104287,0.104287,695062.0
700,2023-12-20,0.100228,0.103217,0.099905,0.102802,0.102802,791263.0
701,2023-12-19,0.10055,0.10189,0.100017,0.100289,0.100289,556174.0
702,2023-12-18,0.102252,0.102284,0.097943,0.100542,0.100542,1909566.0
703,2023-12-17,0.102518,0.103111,0.102143,0.102278,0.102278,414496.0
704,2023-12-16,0.101288,0.102639,0.100721,0.102518,0.102518,1663666.0
705,2023-12-15,0.105749,0.105887,0.100991,0.101273,0.101273,2889002.0
706,2023-12-14,0.10347,0.1058,0.102998,0.10576,0.10576,4953631.0
707,2023-12-13,0.103423,0.103458,0.102031,0.103437,0.103437,1099573.0
708,2023-12-12,0.103785,0.104832,0.102059,0.103421,0.103421,793007.0
709,2023-12-11,0.106485,0.106948,0.103061,0.103794,0.103794,2086507.0
710,2023-12-10,0.107237,0.108429,0.106195,0.106495,0.106495,1135865.0
711,2023-12-09,0.107195,0.10809,0.106621,0.107219,0.107219,1038046.0
712,2023-12-08,0.104039,0.107432,0.104028,0.107207,0.107207,1279686.0
713,2023-12-07,0.104208,0.104867,0.102991,0.104031,0.104031,1381781.0
714,2023-12-06,0.103297,0.107533,0.102251,0.104204,0.104204,3491944.0
715,2023-12-05,0.104254,0.105452,0.102112,0.103295,0.103295,1265983.0
716,2023-12-04,0.103069,0.105207,0.102943,0.104126,0.104126,2679557.0
717,2023-12-03,0.103181,0.103671,0.102834,0.103049,0.103049,2478327.0
718,2023-12-02,0.103172,0.103468,0.102622,0.103179,0.103179,649849.0
719,2023-12-01,0.101679,0.103628,0.101071,0.103175,0.103175,823197.0
720,2023-11-30,0.103039,0.104102,0.10125,0.101685,0.101685,1749298.0
721,2023-11-29,0.102941,0.103648,0.102678,0.103063,0.103063,1793977.0
722,2023-11-28,0.102256,0.103207,0.100746,0.102947,0.102947,2818066.0
723,2023-11-27,0.107663,0.107766,0.102246,0.102246,0.102246,3245788.0
724,2023-11-26,0.108538,0.11002,0.107244,0.107692,0.107692,5311057.0
725,2023-11-25,0.102834,0.108574,0.102701,0.108526,0.108526,8909136.0
726,2023-11-24,0.101803,0.103015,0.100787,0.102844,0.102844,4740686.0
727,2023-11-23,0.1,0.101876,0.099926,0.101783,0.101783,1899164.0
728,2023-11-22,0.096445,0.100827,0.096445,0.099989,0.099989,31347980.0
729,2023-11-21,0.101726,0.101992,0.096347,0.096451,0.096451,2108477.0
730,2023-11-20,0.102782,0.10405,0.101458,0.101717,0.101717,2505475.0
731,2023-11-19,0.101905,0.103395,0.100387,0.102774,0.102774,5913757.0
732,2023-11-18,0.103195,0.105267,0.100921,0.101849,0.101849,2711905.0
733,2023-11-17,0.102079,0.103413,0.102009,0.103196,0.103196,2713190.0
734,2023-11-16,0.104005,0.105016,0.101767,0.102073,0.102073,2429199.0
735,2023-11-15,0.103949,0.105829,0.103396,0.103998,0.103998,3515813.0
736,2023-11-14,0.106614,0.107491,0.103404,0.103949,0.103949,3034608.0
737,2023-11-13,0.108364,0.110759,0.106618,0.106618,0.106618,3305609.0
738,2023-11-12,0.107873,0.108558,0.10688,0.108363,0.108363,3902360.0
739,2023-11-11,0.106276,0.108401,0.105207,0.107868,0.107868,2375919.0
740,2023-11-10,0.098808,0.111356,0.098788,0.106282,0.106282,22453311.0
741,2023-11-09,0.098159,0.100259,0.097915,0.098819,0.098819,1940904.0
742,2023-11-08,0.095803,0.098222,0.095315,0.098149,0.098149,685929.0
743,2023-11-07,0.097922,0.098016,0.095437,0.095795,0.095795,1690798.0
744,2023-11-06,0.096797,0.098737,0.095774,0.09793,0.09793,1294111.0
745,2023-11-05,0.097802,0.098396,0.096079,0.096803,0.096803,537576.0
746,2023-11-04,0.097638,0.098133,0.097468,0.097805,0.097805,300928.0
747,2023-11-03,0.099245,0.099328,0.097638,0.097638,0.097638,2201011.0
748,2023-11-02,0.100323,0.100775,0.098852,0.099243,0.099243,2288555.0
749,2023-11-01,0.0968,0.100427,0.096746,0.100311,0.100311,2547815.0
750,2023-10-31,0.093868,0.096812,0.093626,0.096802,0.096802,1011999.0
751,2023-10-30,0.094829,0.09525,0.093071,0.093864,0.093864,828397.0
752,2023-10-29,0.09428,0.095052,0.094264,0.094826,0.094826,328065.0
753,2023-10-28,0.093561,0.094409,0.093369,0.094271,0.094271,572281.0
754,2023-10-27,0.092842,0.094226,0.092823,0.09355,0.09355,2217753.0
755,2023-10-26,0.093425,0.093736,0.092202,0.092833,0.092833,700414.0
756,2023-10-25,0.092511,0.093913,0.09241,0.093423,0.093423,525666.0
757,2023-10-24,0.090318,0.093474,0.090265,0.092506,0.092506,1100735.0
758,2023-10-23,0.089059,0.092371,0.088652,0.090323,0.090323,1273981.0
759,2023-10-22,0.091656,0.09174,0.088736,0.089126,0.089126,1100893.0
760,2023-10-21,0.090889,0.09172,0.090648,0.091663,0.091663,635014.0
761,2023-10-20,0.089913,0.091572,0.089913,0.09089,0.09089,2136103.0
762,2023-10-19,0.089132,0.089915,0.088654,0.089915,0.089915,403206.0
763,2023-10-18,0.088273,0.089456,0.088273,0.089139,0.089139,384316.0
764,2023-10-17,0.088741,0.088817,0.087485,0.088277,0.088277,452785.0
765,2023-10-16,0.085548,0.088881,0.08525,0.088747,0.088747,1879970.0
766,2023-10-15,0.083944,0.085548,0.083243,0.085548,0.085548,318345.0
767,2023-10-14,0.085549,0.085671,0.083804,0.083944,0.083944,297421.0
768,2023-10-13,0.085158,0.085699,0.084822,0.085538,0.085538,241033.0
769,2023-10-12,0.085737,0.086375,0.085062,0.085159,0.085159,305499.0
770,2023-10-11,0.085216,0.086392,0.084378,0.085741,0.085741,375312.0
771,2023-10-10,0.084517,0.086284,0.084176,0.085218,0.085218,106203.0
772,2023-10-09,0.088092,0.088402,0.084467,0.084518,0.084518,570276.0
773,2023-10-08,0.088009,0.0883,0.087879,0.088099,0.088099,206592.0
774,2023-10-07,0.08686,0.088076,0.086475,0.088007,0.088007,299884.0
775,2023-10-06,0.088599,0.088682,0.0852,0.086859,0.086859,1059397.0
776,2023-10-05,0.08868,0.089513,0.088136,0.088601,0.088601,350616.0
777,2023-10-04,0.089466,0.089466,0.087097,0.088673,0.088673,1321569.0
778,2023-10-03,0.087716,0.089579,0.086121,0.089417,0.089417,2909395.0
779,2023-10-02,0.089953,0.09021,0.087682,0.087723,0.087723,547055.0
780,2023-10-01,0.088041,0.090058,0.08742,0.089962,0.089962,405196.0
781,2023-09-30,0.088874,0.088986,0.087701,0.088045,0.088045,145980.0
782,2023-09-29,0.085892,0.089352,0.085791,0.088873,0.088873,915668.0
783,2023-09-28,0.084876,0.085891,0.083843,0.085884,0.085884,609877.0
784,2023-09-27,0.08381,0.086042,0.083519,0.084976,0.084976,551943.0
785,2023-09-26,0.083214,0.084391,0.082372,0.08381,0.08381,343876.0
786,2023-09-25,0.083441,0.084282,0.083062,0.083199,0.083199,264395.0
787,2023-09-24,0.083658,0.084233,0.083439,0.083443,0.083443,232584.0
788,2023-09-23,0.083341,0.083689,0.083299,0.083663,0.083663,106376.0
789,2023-09-22,0.083022,0.084369,0.082924,0.083347,0.083347,1176849.0
790,2023-09-21,0.084525,0.084704,0.083009,0.083031,0.083031,493454.0
791,2023-09-20,0.082946,0.084778,0.082785,0.08453,0.08453,188669.0
792,2023-09-19,0.082917,0.084179,0.081972,0.082951,0.082951,209661.0
793,2023-09-18,0.082325,0.083844,0.080896,0.082916,0.082916,338402.0
794,2023-09-17,0.082863,0.082919,0.081956,0.082331,0.082331,144934.0
795,2023-09-16,0.083744,0.084085,0.082173,0.082863,0.082863,190159.0
796,2023-09-15,0.0822,0.083839,0.082078,0.08375,0.08375,619911.0
797,2023-09-14,0.081103,0.082531,0.079595,0.082175,0.082175,5108894.0
798,2023-09-13,0.080416,0.081129,0.079853,0.081106,0.081106,305412.0
799,2023-09-12,0.076488,0.081647,0.076466,0.08041,0.08041,7335855.0
800,2023-09-11,0.07809,0.07845,0.076367,0.076489,0.076489,398869.0
801,2023-09-10,0.078927,0.078927,0.076805,0.078103,0.078103,265273.0
802,2023-09-09,0.077849,0.078931,0.07702,0.078927,0.078927,120742.0
803,2023-09-08,0.079178,0.079341,0.077485,0.077837,0.077837,284519.0
804,2023-09-07,0.078282,0.079178,0.076656,0.079178,0.079178,196907.0
805,2023-09-06,0.077359,0.078283,0.076009,0.078279,0.078279,554247.0
806,2023-09-05,0.077265,0.077413,0.075644,0.077356,0.077356,156503.0
807,2023-09-04,0.075843,0.077286,0.075288,0.077263,0.077263,142563.0
808,2023-09-03,0.075286,0.076884,0.075083,0.075849,0.075849,96954.0
809,2023-09-02,0.076316,0.0768,0.075126,0.075286,0.075286,148625.0
810,2023-09-01,0.077019,0.077363,0.075999,0.076312,0.076312,440297.0
811,2023-08-31,0.07622,0.077474,0.075564,0.077019,0.077019,1663736.0
812,2023-08-30,0.07777,0.077773,0.076011,0.076307,0.076307,385109.0
813,2023-08-29,0.076599,0.07778,0.075654,0.077767,0.077767,487951.0
814,2023-08-28,0.076721,0.077185,0.075696,0.076597,0.076597,297581.0
815,2023-08-27,0.077411,0.077513,0.076053,0.076699,0.076699,107934.0
816,2023-08-26,0.076508,0.07747,0.076099,0.077411,0.077411,153372.0
817,2023-08-25,0.076519,0.077152,0.075813,0.076508,0.076508,531929.0
818,2023-08-24,0.076707,0.077408,0.076329,0.076517,0.076517,302677.0
819,2023-08-23,0.073948,0.077427,0.073896,0.07671,0.07671,702332.0
820,2023-08-22,0.073346,0.074855,0.073157,0.073974,0.073974,579242.0
821,2023-08-21,0.075987,0.07602,0.072844,0.073346,0.073346,569371.0
822,2023-08-20,0.073817,0.076013,0.073812,0.075989,0.075989,2560481.0
823,2023-08-19,0.072966,0.073843,0.07212,0.073816,0.073816,205799.0
824,2023-08-18,0.072955,0.073279,0.072249,0.07296,0.07296,724944.0
825,2023-08-17,0.074685,0.075272,0.072313,0.072957,0.072957,1109087.0
826,2023-08-16,0.076423,0.076739,0.074673,0.074688,0.074688,389599.0
827,2023-08-15,0.07742,0.077481,0.076337,0.076423,0.076423,207698.0
828,2023-08-14,0.077044,0.07765,0.077008,0.077417,0.077417,1340483.0
829,2023-08-13,0.077307,0.077355,0.077005,0.077041,0.077041,58091.0
830,2023-08-12,0.076922,0.077345,0.076921,0.077309,0.077309,74485.0
831,2023-08-11,0.077009,0.077123,0.076826,0.076925,0.076925,253157.0
832,2023-08-10,0.076557,0.077208,0.076535,0.077009,0.077009,405509.0
833,2023-08-09,0.07695,0.077035,0.076333,0.076554,0.076554,760238.0
834,2023-08-08,0.07654,0.077003,0.076356,0.07695,0.07695,217995.0
835,2023-08-07,0.076896,0.077086,0.076106,0.076542,0.076542,274527.0
836,2023-08-06,0.077268,0.07732,0.076814,0.076902,0.076902,150956.0
837,2023-08-05,0.076715,0.077348,0.07586,0.077268,0.077268,455567.0
838,2023-08-04,0.076816,0.077698,0.076556,0.076716,0.076716,466198.0
839,2023-08-03,0.076576,0.077214,0.076275,0.076821,0.076821,562836.0
840,2023-08-02,0.078382,0.078504,0.076546,0.076574,0.076574,614990.0
841,2023-08-01,0.077978,0.078401,0.077088,0.078386,0.078386,704350.0
842,2023-07-31,0.079925,0.0801,0.077423,0.077977,0.077977,771619.0
843,2023-07-30,0.083278,0.083468,0.079613,0.079928,0.079928,1170812.0
844,2023-07-29,0.085011,0.085011,0.083255,0.083278,0.083278,542468.0
845,2023-07-28,0.082211,0.085021,0.082211,0.085021,0.085021,1779737.0
846,2023-07-27,0.082013,0.082606,0.081991,0.082217,0.082217,596338.0
847,2023-07-26,0.081655,0.082126,0.080854,0.082016,0.082016,764921.0
848,2023-07-25,0.081189,0.081762,0.080443,0.081653,0.081653,672182.0
849,2023-07-24,0.083356,0.08338,0.080502,0.081181,0.081181,756907.0
850,2023-07-23,0.083998,0.084741,0.083098,0.083362,0.083362,909146.0
851,2023-07-22,0.080724,0.100337,0.080633,0.083992,0.083992,23341670.0
852,2023-07-21,0.080388,0.081436,0.080381,0.08072,0.08072,340850.0
853,2023-07-20,0.080014,0.080825,0.079932,0.080391,0.080391,405306.0
854,2023-07-19,0.079391,0.080113,0.079159,0.079984,0.079984,404686.0
855,2023-07-18,0.079813,0.080576,0.078966,0.079388,0.079388,606647.0
856,2023-07-17,0.079807,0.080269,0.079303,0.07982,0.07982,586802.0
857,2023-07-16,0.081054,0.081067,0.079512,0.079802,0.079802,585384.0
858,2023-07-15,0.079909,0.081401,0.079906,0.081052,0.081052,904584.0
859,2023-07-14,0.081526,0.082171,0.079376,0.079912,0.079912,1474365.0
860,2023-07-13,0.077496,0.081649,0.077496,0.081525,0.081525,1161321.0
861,2023-07-12,0.077369,0.07799,0.077317,0.077496,0.077496,202549.0
862,2023-07-11,0.077629,0.077629,0.076955,0.077368,0.077368,229259.0
863,2023-07-10,0.07765,0.077845,0.076503,0.077629,0.077629,647719.0
864,2023-07-09,0.079826,0.080171,0.077623,0.07764,0.07764,536453.0
865,2023-07-08,0.078709,0.079832,0.078685,0.079826,0.079826,268574.0
866,2023-07-07,0.077379,0.079245,0.077094,0.078708,0.078708,628216.0
867,2023-07-06,0.077086,0.078394,0.077013,0.077379,0.077379,784796.0
868,2023-07-05,0.077247,0.077716,0.076875,0.077105,0.077105,407482.0
869,2023-07-04,0.0774,0.078507,0.07724,0.07724,0.07724,372468.0
870,2023-07-03,0.075847,0.077732,0.075793,0.077372,0.077372,393789.0
871,2023-07-02,0.076965,0.07701,0.075433,0.075847,0.075847,401501.0
872,2023-07-01,0.075934,0.077364,0.07589,0.076964,0.076964,1212771.0
873,2023-06-30,0.074357,0.076643,0.07434,0.075934,0.075934,1390571.0
874,2023-06-29,0.073621,0.074533,0.073524,0.074359,0.074359,450829.0
875,2023-06-28,0.074512,0.074524,0.072955,0.073619,0.073619,1025890.0
876,2023-06-27,0.07352,0.075145,0.07352,0.07451,0.07451,1440596.0
877,2023-06-26,0.073181,0.07429,0.07255,0.073518,0.073518,1176380.0
878,2023-06-25,0.072145,0.073396,0.072124,0.073185,0.073185,1020405.0
879,2023-06-24,0.073143,0.073306,0.071734,0.072141,0.072141,559691.0
880,2023-06-23,0.071975,0.073577,0.071892,0.073134,0.073134,1774678.0
881,2023-06-22,0.072239,0.073739,0.071755,0.071968,0.071968,973915.0
882,2023-06-21,0.07033,0.072305,0.070294,0.072243,0.072243,1327856.0
883,2023-06-20,0.070056,0.070331,0.068627,0.070328,0.070328,879530.0
884,2023-06-19,0.070046,0.070131,0.06971,0.070061,0.070061,377504.0
885,2023-06-18,0.071339,0.071733,0.0699,0.070044,0.070044,867556.0
886,2023-06-17,0.070467,0.071384,0.070331,0.071339,0.071339,294088.0
887,2023-06-16,0.070843,0.070962,0.069261,0.070466,0.070466,1117930.0
888,2023-06-15,0.070914,0.071945,0.069551,0.070853,0.070853,1603038.0
889,2023-06-14,0.071778,0.072657,0.070533,0.070911,0.070911,1990467.0
890,2023-06-13,0.070829,0.072375,0.070829,0.071778,0.071778,894095.0
891,2023-06-12,0.069919,0.071006,0.069546,0.070822,0.070822,1189007.0
892,2023-06-11,0.069408,0.070207,0.068581,0.06992,0.06992,783191.0
893,2023-06-10,0.071788,0.071884,0.065311,0.069407,0.069407,5552905.0
894,2023-06-09,0.077538,0.078244,0.071384,0.071784,0.071784,3809535.0
895,2023-06-08,0.076873,0.077629,0.07649,0.077539,0.077539,624537.0
896,2023-06-07,0.078213,0.078517,0.076771,0.076872,0.076872,1761988.0
897,2023-06-06,0.078289,0.079118,0.07757,0.078215,0.078215,626562.0
898,2023-06-05,0.081439,0.081913,0.0779,0.07829,0.07829,1474125.0
899,2023-06-04,0.081795,0.082149,0.080376,0.081442,0.081442,1868327.0
900,2023-06-03,0.082845,0.085495,0.081402,0.081797,0.081797,10560284.0
901,2023-06-02,0.074964,0.083342,0.074925,0.082838,0.082838,8702887.0
902,2023-06-01,0.075353,0.075392,0.074438,0.074961,0.074961,553375.0
903,2023-05-31,0.076483,0.076697,0.075292,0.075356,0.075356,1650205.0
904,2023-05-30,0.076515,0.077153,0.076171,0.076485,0.076485,1083918.0
905,2023-05-29,0.077554,0.077844,0.076507,0.076507,0.076507,463481.0
906,2023-05-28,0.076867,0.077693,0.076846,0.077549,0.077549,427956.0
907,2023-05-27,0.075843,0.076871,0.075623,0.076866,0.076866,624060.0
908,2023-05-26,0.076914,0.077134,0.075841,0.07585,0.07585,522545.0
909,2023-05-25,0.077033,0.077847,0.07688,0.076908,0.076908,798935.0
910,2023-05-24,0.078194,0.078213,0.076759,0.077036,0.077036,2308638.0
911,2023-05-23,0.078195,0.079044,0.077658,0.078192,0.078192,1078238.0
912,2023-05-22,0.07499,0.078826,0.074223,0.0782,0.0782,4517891.0
913,2023-05-21,0.07255,0.076273,0.07164,0.074993,0.074993,2973864.0
914,2023-05-20,0.070368,0.072675,0.07032,0.07255,0.07255,894222.0
915,2023-05-19,0.070156,0.070567,0.06999,0.070366,0.070366,1049111.0
916,2023-05-18,0.070892,0.07099,0.069925,0.070161,0.070161,981860.0
917,2023-05-17,0.070322,0.070982,0.070145,0.070893,0.070893,739692.0
918,2023-05-16,0.070117,0.070738,0.070062,0.070322,0.070322,1893510.0
919,2023-05-15,0.069094,0.070293,0.068839,0.070111,0.070111,620630.0
920,2023-05-14,0.06937,0.069575,0.068885,0.069084,0.069084,2734764.0
921,2023-05-13,0.069,0.06942,0.068437,0.069373,0.069373,1726015.0
922,2023-05-12,0.067426,0.069008,0.06717,0.068997,0.068997,1467435.0
923,2023-05-11,0.069375,0.069672,0.066892,0.067402,0.067402,1291988.0
924,2023-05-10,0.069102,0.070012,0.068823,0.069372,0.069372,1608310.0
925,2023-05-09,0.068444,0.069215,0.068189,0.0691,0.0691,1158381.0
926,2023-05-08,0.069737,0.069818,0.067619,0.068443,0.068443,1283235.0
927,2023-05-07,0.070314,0.070512,0.069641,0.069748,0.069748,733028.0
928,2023-05-06,0.071082,0.071147,0.069777,0.070313,0.070313,477256.0
929,2023-05-05,0.06927,0.071197,0.069238,0.071081,0.071081,700578.0
930,2023-05-04,0.069253,0.069552,0.069024,0.069269,0.069269,475900.0
931,2023-05-03,0.069001,0.06941,0.068471,0.069254,0.069254,692802.0
932,2023-05-02,0.068305,0.069345,0.067524,0.068999,0.068999,1506249.0
933,2023-05-01,0.067392,0.069048,0.067068,0.068305,0.068305,1341828.0
934,2023-04-30,0.067646,0.0678,0.067392,0.067392,0.067392,838569.0
935,2023-04-29,0.066495,0.06768,0.066486,0.067653,0.067653,1400474.0
936,2023-04-28,0.065809,0.066495,0.065752,0.066495,0.066495,901224.0
937,2023-04-27,0.065029,0.065909,0.065002,0.065808,0.065808,1073727.0
938,2023-04-26,0.065581,0.066563,0.06417,0.06503,0.06503,1972259.0
939,2023-04-25,0.065978,0.06604,0.065143,0.065579,0.065579,323465.0
940,2023-04-24,0.066317,0.066587,0.065878,0.065978,0.065978,1195403.0
941,2023-04-23,0.065856,0.066796,0.065567,0.066315,0.066315,890249.0
942,2023-04-22,0.064777,0.06586,0.064777,0.065857,0.065857,1247010.0
943,2023-04-21,0.065377,0.065894,0.06451,0.064777,0.064777,1591341.0
944,2023-04-20,0.065598,0.066494,0.06515,0.065374,0.065374,2162983.0
945,2023-04-19,0.066546,0.066896,0.065343,0.065607,0.065607,1771251.0
946,2023-04-18,0.065995,0.066617,0.065857,0.066548,0.066548,369673.0
947,2023-04-17,0.066369,0.066401,0.065649,0.065993,0.065993,1433115.0
948,2023-04-16,0.06594,0.06637,0.065706,0.06637,0.06637,412887.0
949,2023-04-15,0.06627,0.06627,0.06583,0.065942,0.065942,397608.0
950,2023-04-14,0.065296,0.066768,0.065278,0.066269,0.066269,939768.0
951,2023-04-13,0.06509,0.065482,0.064798,0.065293,0.065293,772949.0
952,2023-04-12,0.066641,0.06668,0.063156,0.064985,0.064985,1204511.0
953,2023-04-11,0.067203,0.06742,0.066176,0.066641,0.066641,2275606.0
954,2023-04-10,0.066565,0.067262,0.066326,0.067201,0.067201,761672.0
955,2023-04-09,0.066226,0.066687,0.06596,0.066566,0.066566,330692.0
956,2023-04-08,0.065984,0.066496,0.065836,0.066224,0.066224,443041.0
957,2023-04-07,0.066152,0.066295,0.065678,0.065987,0.065987,584051.0
958,2023-04-06,0.065906,0.066593,0.065833,0.066166,0.066166,855417.0
959,2023-04-05,0.065962,0.066527,0.06544,0.0659,0.0659,887913.0
960,2023-04-04,0.065558,0.066713,0.064516,0.065962,0.065962,1292097.0
961,2023-04-03,0.064948,0.066102,0.063754,0.065551,0.065551,1685261.0
962,2023-04-02,0.065802,0.066961,0.063823,0.06495,0.06495,1013145.0
963,2023-04-01,0.065946,0.067176,0.064182,0.066535,0.066535,1209740.0
964,2023-03-31,0.064633,0.066107,0.063707,0.065948,0.065948,1748119.0
965,2023-03-30,0.064382,0.065265,0.063402,0.064633,0.064633,1252357.0
966,2023-03-29,0.064187,0.065271,0.063399,0.06438,0.06438,1040547.0
967,2023-03-28,0.063432,0.064597,0.063043,0.064196,0.064196,832076.0
968,2023-03-27,0.063984,0.064716,0.061996,0.063434,0.063434,1365727.0
969,2023-03-26,0.063048,0.064884,0.062995,0.063981,0.063981,1291066.0
970,2023-03-25,0.063567,0.065054,0.062705,0.063023,0.063023,1929900.0
971,2023-03-24,0.065213,0.06602,0.062906,0.063565,0.063565,1799142.0
972,2023-03-23,0.060375,0.066816,0.059586,0.065211,0.065211,5362575.0
973,2023-03-22,0.067206,0.068425,0.057801,0.060375,0.060375,5758135.0
974,2023-03-21,0.065281,0.068009,0.064203,0.067202,0.067202,1426434.0
975,2023-03-20,0.066675,0.067631,0.064221,0.065271,0.065271,1291670.0
976,2023-03-19,0.065878,0.067431,0.064626,0.066676,0.066676,989549.0
977,2023-03-18,0.067401,0.068155,0.064707,0.06588,0.06588,2061800.0
978,2023-03-17,0.065277,0.067549,0.064409,0.067405,0.067405,2265004.0
979,2023-03-16,0.065352,0.066599,0.064256,0.065277,0.065277,4072419.0
980,2023-03-15,0.067062,0.067631,0.064015,0.065342,0.065342,2824309.0
981,2023-03-14,0.067172,0.069021,0.064664,0.06706,0.06706,4196591.0
982,2023-03-13,0.063828,0.068599,0.063828,0.067176,0.067176,5851665.0
983,2023-03-12,0.058958,0.064055,0.058794,0.063822,0.063822,2352045.0
984,2023-03-11,0.0582,0.060351,0.055497,0.058967,0.058967,4879717.0
985,2023-03-10,0.058651,0.060298,0.055814,0.0582,0.0582,4442211.0
986,2023-03-09,0.065046,0.06724,0.057702,0.058647,0.058647,3597075.0
987,2023-03-08,0.06607,0.067148,0.063939,0.065042,0.065042,876942.0
988,2023-03-07,0.0675,0.068205,0.064077,0.066078,0.066078,980041.0
989,2023-03-06,0.06674,0.068067,0.064919,0.067495,0.067495,556020.0
990,2023-03-05,0.066624,0.068127,0.065063,0.06674,0.06674,1001570.0
991,2023-03-04,0.065721,0.068629,0.064613,0.066623,0.066623,699748.0
992,2023-03-03,0.068666,0.069841,0.065001,0.06572,0.06572,2145421.0
993,2023-03-02,0.070054,0.070691,0.066194,0.068663,0.068663,1031758.0
994,2023-03-01,0.069093,0.070805,0.066783,0.070053,0.070053,999436.0
995,2023-02-28,0.068986,0.070293,0.066058,0.069094,0.069094,907322.0
996,2023-02-27,0.069423,0.070489,0.066801,0.068992,0.068992,2444944.0
997,2023-02-26,0.067067,0.070641,0.066018,0.069428,0.069428,3000069.0
998,2023-02-25,0.068504,0.068856,0.065616,0.067071,0.067071,1953222.0
999,2023-02-24,0.069629,0.070384,0.065718,0.068505,0.068505,1661172.0
1000,2023-02-23,0.069283,0.070749,0.066051,0.06963,0.06963,1561680.0
1001,2023-02-22,0.068765,0.07064,0.066346,0.069302,0.069302,1768299.0
1002,2023-02-21,0.067915,0.072093,0.066888,0.068753,0.068753,2421133.0
1003,2023-02-20,0.070399,0.072632,0.066622,0.067915,0.067915,2277170.0
1004,2023-02-19,0.069904,0.071264,0.066384,0.07038,0.07038,2358899.0
1005,2023-02-18,0.070399,0.070668,0.066521,0.069907,0.069907,1084473.0
1006,2023-02-17,0.066723,0.07106,0.065159,0.070403,0.070403,2151380.0
1007,2023-02-16,0.069478,0.071125,0.065299,0.066721,0.066721,2746855.0
1008,2023-02-15,0.066097,0.070565,0.064754,0.069477,0.069477,2410770.0
1009,2023-02-14,0.065088,0.066559,0.064307,0.066098,0.066098,2604940.0
1010,2023-02-13,0.063729,0.065197,0.063125,0.06509,0.06509,2369571.0
1011,2023-02-12,0.063744,0.064653,0.063221,0.063726,0.063726,918499.0
1012,2023-02-11,0.063275,0.063853,0.06301,0.063744,0.063744,723792.0
1013,2023-02-10,0.062642,0.063646,0.062534,0.063276,0.063276,1627030.0
1014,2023-02-09,0.066887,0.067017,0.062381,0.062636,0.062636,3513317.0
1015,2023-02-08,0.065544,0.067877,0.064203,0.066884,0.066884,2787813.0
1016,2023-02-07,0.063101,0.066163,0.063039,0.065544,0.065544,1580045.0
1017,2023-02-06,0.064131,0.064472,0.062828,0.063108,0.063108,1167750.0
1018,2023-02-05,0.063904,0.065638,0.063297,0.064131,0.064131,2074612.0
1019,2023-02-04,0.063953,0.064643,0.06295,0.063901,0.063901,1025588.0
1020,2023-02-03,0.063756,0.064831,0.063155,0.063958,0.063958,1065551.0
1021,2023-02-02,0.06324,0.06519,0.063074,0.063758,0.063758,1947106.0
1022,2023-02-01,0.06249,0.063322,0.061517,0.063244,0.063244,1176577.0
1023,2023-01-31,0.062223,0.062961,0.062025,0.062493,0.062493,1145026.0
1024,2023-01-30,0.0637,0.064076,0.061686,0.062223,0.062223,1878657.0
1025,2023-01-29,0.063131,0.064124,0.062845,0.063694,0.063694,1431869.0
1026,2023-01-28,0.063653,0.064072,0.062347,0.063125,0.063125,1230505.0
1027,2023-01-27,0.061977,0.06435,0.061318,0.063655,0.063655,4157398.0
1028,2023-01-26,0.061776,0.06218,0.061295,0.061973,0.061973,1042449.0
1029,2023-01-25,0.060339,0.062546,0.059444,0.061783,0.061783,1695208.0
1030,2023-01-24,0.062689,0.06327,0.059967,0.060338,0.060338,1296747.0
1031,2023-01-23,0.061794,0.062986,0.061487,0.062696,0.062696,1121309.0
1032,2023-01-22,0.061862,0.062768,0.06093,0.061796,0.061796,1429500.0
1033,2023-01-21,0.06248,0.062858,0.061852,0.061865,0.061865,1819157.0
1034,2023-01-20,0.060118,0.062482,0.06005,0.062481,0.062481,820341.0
1035,2023-01-19,0.05906,0.060131,0.058984,0.060125,0.060125,671415.0
1036,2023-01-18,0.061923,0.06225,0.059059,0.059062,0.059062,1606827.0
1037,2023-01-17,0.062452,0.062557,0.061632,0.061923,0.061923,963794.0
1038,2023-01-16,0.062512,0.063044,0.061552,0.062447,0.062447,1638340.0
1039,2023-01-15,0.06173,0.062696,0.060973,0.062511,0.062511,1905954.0
1040,2023-01-14,0.059786,0.065759,0.059786,0.06173,0.06173,7990653.0
1041,2023-01-13,0.056878,0.060181,0.056819,0.059788,0.059788,1553343.0
1042,2023-01-12,0.05641,0.057078,0.055825,0.056888,0.056888,1581589.0
1043,2023-01-11,0.054721,0.056127,0.053813,0.056127,0.056127,1262809.0
1044,2023-01-10,0.05457,0.054792,0.053554,0.054717,0.054717,1525039.0
1045,2023-01-09,0.053466,0.055965,0.053466,0.054576,0.054576,8805087.0
1046,2023-01-08,0.051975,0.053452,0.051502,0.053452,0.053452,1373308.0
1047,2023-01-07,0.052555,0.052744,0.051591,0.051977,0.051977,1447594.0
1048,2023-01-06,0.053735,0.0538,0.050266,0.052559,0.052559,6170580.0
1049,2023-01-05,0.054482,0.055,0.053698,0.053737,0.053737,1550487.0
1050,2023-01-04,0.054966,0.055545,0.054387,0.054484,0.054484,1542526.0
1051,2023-01-03,0.055191,0.055344,0.054948,0.054967,0.054967,446636.0
1052,2023-01-02,0.054722,0.055256,0.054495,0.055192,0.055192,857150.0
1053,2023-01-01,0.054395,0.054781,0.054385,0.054721,0.054721,186642.0
1054,2022-12-31,0.054401,0.054911,0.054376,0.054397,0.054397,495428.0
1055,2022-12-30,0.053982,0.054446,0.053817,0.0544,0.0544,1105356.0
1056,2022-12-29,0.054091,0.054308,0.053501,0.05398,0.05398,1525412.0
1057,2022-12-28,0.054034,0.054449,0.053376,0.05409,0.05409,1232494.0
1058,2022-12-27,0.054439,0.054632,0.053921,0.054032,0.054032,585674.0
1059,2022-12-26,0.054733,0.054995,0.054392,0.054436,0.054436,761049.0
1060,2022-12-25,0.054781,0.054832,0.054365,0.054723,0.054723,361674.0
1061,2022-12-24,0.054468,0.054867,0.054409,0.054803,0.054803,372096.0
1062,2022-12-23,0.055654,0.055706,0.054441,0.05447,0.05447,981731.0
1063,2022-12-22,0.054862,0.055694,0.05481,0.055664,0.055664,1209394.0
1064,2022-12-21,0.05491,0.055426,0.054614,0.054862,0.054862,2374728.0
1065,2022-12-20,0.053644,0.055002,0.053636,0.054909,0.054909,894787.0
1066,2022-12-19,0.053895,0.054128,0.053383,0.053647,0.053647,978479.0
1067,2022-12-18,0.054774,0.054951,0.053678,0.053893,0.053893,1160651.0
1068,2022-12-17,0.053094,0.054786,0.05214,0.054778,0.054778,2224584.0
1069,2022-12-16,0.055798,0.056061,0.053,0.053089,0.053089,1618256.0
1070,2022-12-15,0.055841,0.055991,0.055473,0.055798,0.055798,714979.0
1071,2022-12-14,0.054365,0.057686,0.054365,0.055841,0.055841,1761695.0
1072,2022-12-13,0.053301,0.054372,0.052581,0.054362,0.054362,948798.0
1073,2022-12-12,0.053833,0.053833,0.052187,0.053301,0.053301,1556925.0
1074,2022-12-11,0.054796,0.054972,0.053806,0.053833,0.053833,494861.0
1075,2022-12-10,0.054593,0.055927,0.054531,0.054788,0.054788,632883.0
1076,2022-12-09,0.054088,0.055068,0.05408,0.054594,0.054594,682394.0
1077,2022-12-08,0.053176,0.054094,0.052997,0.054094,0.054094,525650.0
1078,2022-12-07,0.053577,0.053952,0.052706,0.053173,0.053173,1662178.0
1079,2022-12-06,0.053182,0.053581,0.052723,0.053577,0.053577,634757.0
1080,2022-12-05,0.053196,0.05394,0.053079,0.053183,0.053183,1624718.0
1081,2022-12-04,0.053782,0.054122,0.05316,0.053202,0.053202,1116638.0
1082,2022-12-03,0.054341,0.054457,0.053771,0.053783,0.053783,724728.0
1083,2022-12-02,0.054233,0.054391,0.053929,0.054335,0.054335,984348.0
1084,2022-12-01,0.054815,0.054865,0.05418,0.054227,0.054227,763957.0
1085,2022-11-30,0.053406,0.054873,0.053379,0.054814,0.054814,1524149.0
1086,2022-11-29,0.052951,0.054157,0.052847,0.053404,0.053404,2568186.0
1087,2022-11-28,0.053245,0.053742,0.052041,0.05295,0.05295,1597905.0
1088,2022-11-27,0.052676,0.053899,0.052674,0.053252,0.053252,646567.0
1089,2022-11-26,0.052891,0.053426,0.052592,0.052678,0.052678,577504.0
1090,2022-11-25,0.052829,0.053044,0.052108,0.052891,0.052891,1016463.0
1091,2022-11-24,0.051397,0.053195,0.051293,0.052825,0.052825,1695943.0
1092,2022-11-23,0.050495,0.051549,0.05031,0.051396,0.051396,2655194.0
1093,2022-11-22,0.051212,0.052263,0.049327,0.050492,0.050492,3678296.0
1094,2022-11-21,0.049931,0.051302,0.049416,0.051215,0.051215,2961861.0
1095,2022-11-20,0.051989,0.052107,0.0499,0.04994,0.04994,799061.0
1096,2022-11-19,0.050453,0.052339,0.050399,0.051992,0.051992,1262597.0
1097,2022-11-18,0.049882,0.050955,0.049882,0.050449,0.050449,825296.0
1098,2022-11-17,0.050073,0.050282,0.049091,0.049884,0.049884,1273336.0
1099,2022-11-16,0.050561,0.051179,0.049596,0.050072,0.050072,2133352.0
1100,2022-11-15,0.049925,0.051388,0.049466,0.050556,0.050556,8376748.0
1101,2022-11-14,0.05086,0.052173,0.045793,0.049922,0.049922,13808130.0
1102,2022-11-13,0.054887,0.055836,0.05071,0.050855,0.050855,4666568.0
1103,2022-11-12,0.055686,0.055745,0.053217,0.054888,0.054888,2386099.0
1104,2022-11-11,0.057783,0.057894,0.054467,0.055679,0.055679,4490904.0
1105,2022-11-10,0.053579,0.05991,0.052969,0.057786,0.057786,17707661.0
1106,2022-11-09,0.05873,0.063689,0.05322,0.053574,0.053574,16203943.0
1107,2022-11-08,0.062205,0.062802,0.057552,0.058722,0.058722,5547314.0
1108,2022-11-07,0.063003,0.063042,0.061966,0.062207,0.062207,849162.0
1109,2022-11-06,0.063603,0.065189,0.062973,0.063002,0.063002,1325015.0
1110,2022-11-05,0.063478,0.064636,0.063476,0.063591,0.063591,869246.0
1111,2022-11-04,0.061879,0.06348,0.061706,0.063478,0.063478,858098.0
1112,2022-11-03,0.061846,0.062403,0.061794,0.06188,0.06188,506527.0
1113,2022-11-02,0.062815,0.062815,0.061747,0.061805,0.061805,2232699.0
1114,2022-11-01,0.063012,0.063281,0.062529,0.062832,0.062832,215789.0
1115,2022-10-31,0.063233,0.063317,0.062377,0.063019,0.063019,724135.0
1116,2022-10-30,0.063774,0.064415,0.063073,0.063232,0.063232,785021.0
1117,2022-10-29,0.063277,0.063945,0.063253,0.063779,0.063779,657760.0
1118,2022-10-28,0.063132,0.063332,0.062691,0.063279,0.063279,464857.0
1119,2022-10-27,0.063385,0.063725,0.063064,0.06313,0.06313,719370.0
1120,2022-10-26,0.062452,0.063481,0.062273,0.063384,0.063384,848114.0
1121,2022-10-25,0.06119,0.062648,0.06103,0.062449,0.062449,550402.0
1122,2022-10-24,0.061808,0.061826,0.061188,0.061194,0.061194,336164.0
1123,2022-10-23,0.061718,0.06182,0.061279,0.061807,0.061807,281292.0
1124,2022-10-22,0.061585,0.061783,0.06139,0.06172,0.06172,171729.0
1125,2022-10-21,0.062305,0.062722,0.060937,0.061585,0.061585,772268.0
1126,2022-10-20,0.061804,0.062454,0.061641,0.062305,0.062305,394745.0
1127,2022-10-19,0.062106,0.062959,0.061802,0.061802,0.061802,902926.0
1128,2022-10-18,0.062616,0.062813,0.061897,0.062106,0.062106,613564.0
1129,2022-10-17,0.06168,0.062872,0.061671,0.062614,0.062614,1207227.0
1130,2022-10-16,0.061933,0.061964,0.061362,0.06168,0.06168,406168.0
1131,2022-10-15,0.063724,0.064945,0.061927,0.061934,0.061934,1238783.0
1132,2022-10-14,0.061054,0.064983,0.060921,0.063726,0.063726,2953521.0
1133,2022-10-13,0.061865,0.062067,0.059595,0.061054,0.061054,1494345.0
1134,2022-10-12,0.061605,0.064252,0.061347,0.061866,0.061866,1616794.0
1135,2022-10-11,0.062935,0.062935,0.061409,0.061604,0.061604,837651.0
1136,2022-10-10,0.06247,0.064876,0.062466,0.062937,0.062937,1656764.0
1137,2022-10-09,0.062035,0.062605,0.061984,0.06247,0.06247,335671.0
1138,2022-10-08,0.062309,0.062549,0.061994,0.062034,0.062034,475976.0
1139,2022-10-07,0.062915,0.063071,0.062213,0.06231,0.06231,315824.0
1140,2022-10-06,0.062361,0.063082,0.06209,0.062917,0.062917,673217.0
1141,2022-10-05,0.062194,0.062509,0.06211,0.06236,0.06236,469305.0
1142,2022-10-04,0.061413,0.062253,0.061155,0.062193,0.062193,354253.0
1143,2022-10-03,0.061052,0.061442,0.060763,0.061411,0.061411,368898.0
1144,2022-10-02,0.060356,0.062097,0.060355,0.061013,0.061013,1163219.0
1145,2022-10-01,0.061053,0.061298,0.060293,0.060356,0.060356,501293.0
1146,2022-09-30,0.060963,0.062118,0.06046,0.061052,0.061052,1237032.0
1147,2022-09-29,0.059694,0.061778,0.059545,0.060963,0.060963,1203896.0
1148,2022-09-28,0.059268,0.059699,0.058562,0.059692,0.059692,817437.0
1149,2022-09-27,0.059407,0.060705,0.059218,0.059269,0.059269,760587.0
1150,2022-09-26,0.059759,0.059777,0.059191,0.059407,0.059407,1402841.0
1151,2022-09-25,0.059807,0.060083,0.059667,0.05976,0.05976,280778.0
1152,2022-09-24,0.060439,0.060743,0.059805,0.059807,0.059807,513083.0
1153,2022-09-23,0.06023,0.060951,0.059404,0.060439,0.060439,887015.0
1154,2022-09-22,0.059044,0.06025,0.058933,0.06023,0.06023,722110.0
1155,2022-09-21,0.059622,0.06104,0.058922,0.059046,0.059046,1452126.0
1156,2022-09-20,0.060227,0.06046,0.059606,0.059621,0.059621,418592.0
1157,2022-09-19,0.060989,0.061031,0.059504,0.060227,0.060227,818121.0
1158,2022-09-18,0.062164,0.062407,0.060985,0.06099,0.06099,647062.0
1159,2022-09-17,0.0611,0.062185,0.0611,0.062165,0.062165,360818.0
1160,2022-09-16,0.0612,0.061571,0.060777,0.061099,0.061099,629183.0
1161,2022-09-15,0.061475,0.061871,0.060789,0.061201,0.061201,1204072.0
1162,2022-09-14,0.060888,0.061542,0.060791,0.061475,0.061475,497087.0
1163,2022-09-13,0.063726,0.063782,0.060791,0.06093,0.06093,934682.0
1164,2022-09-12,0.063946,0.064552,0.063331,0.063728,0.063728,1031624.0
1165,2022-09-11,0.064508,0.064762,0.063719,0.063945,0.063945,539293.0
1166,2022-09-10,0.063242,0.064511,0.063219,0.064506,0.064506,616305.0
1167,2022-09-09,0.061033,0.063477,0.061024,0.063242,0.063242,907963.0
1168,2022-09-08,0.061719,0.061722,0.060271,0.061034,0.061034,997075.0
1169,2022-09-07,0.060806,0.06172,0.060267,0.06172,0.06172,731398.0
1170,2022-09-06,0.062898,0.063837,0.060702,0.060809,0.060809,1205070.0
1171,2022-09-05,0.063374,0.063438,0.062674,0.062898,0.062898,351392.0
1172,2022-09-04,0.063024,0.063457,0.062707,0.063374,0.063374,402198.0
1173,2022-09-03,0.06254,0.063025,0.062481,0.063023,0.063023,300353.0
1174,2022-09-02,0.063079,0.063405,0.062532,0.06254,0.06254,491997.0
1175,2022-09-01,0.063505,0.063512,0.062315,0.06308,0.06308,784796.0
1176,2022-08-31,0.064799,0.065476,0.063346,0.063505,0.063505,896022.0
1177,2022-08-30,0.063231,0.066343,0.063079,0.064798,0.064798,2574695.0
1178,2022-08-29,0.061656,0.063233,0.061177,0.063231,0.063231,867881.0
1179,2022-08-28,0.062798,0.062947,0.061654,0.061654,0.061654,389914.0
1180,2022-08-27,0.061678,0.062799,0.061362,0.062799,0.062799,866551.0
1181,2022-08-26,0.065383,0.065429,0.061678,0.061678,0.061678,1472829.0
1182,2022-08-25,0.064959,0.065554,0.064932,0.065383,0.065383,396782.0
1183,2022-08-24,0.066221,0.066223,0.064958,0.06496,0.06496,612528.0
1184,2022-08-23,0.065352,0.066578,0.065091,0.066222,0.066222,1156793.0
1185,2022-08-22,0.066031,0.066031,0.064419,0.065352,0.065352,1286309.0
1186,2022-08-21,0.065606,0.066145,0.064806,0.066028,0.066028,831926.0
1187,2022-08-20,0.064171,0.065613,0.064168,0.065607,0.065607,738789.0
1188,2022-08-19,0.067591,0.067593,0.06417,0.064173,0.064173,1543760.0
1189,2022-08-18,0.068228,0.068426,0.06759,0.067592,0.067592,611807.0
1190,2022-08-17,0.069551,0.070703,0.068222,0.068227,0.068227,1157350.0
1191,2022-08-16,0.068789,0.070358,0.068591,0.06955,0.06955,1193602.0
1192,2022-08-15,0.070409,0.070937,0.068512,0.06879,0.06879,1311770.0
1193,2022-08-14,0.070011,0.072114,0.069803,0.07041,0.07041,1371931.0
1194,2022-08-13,0.070259,0.071,0.069905,0.070012,0.070012,604578.0
1195,2022-08-12,0.070218,0.070559,0.069581,0.070256,0.070256,713371.0
1196,2022-08-11,0.070113,0.070961,0.070113,0.070219,0.070219,755633.0
1197,2022-08-10,0.068595,0.070197,0.068203,0.070111,0.070111,782408.0
1198,2022-08-09,0.070132,0.070755,0.068503,0.068595,0.068595,1125162.0
1199,2022-08-08,0.069797,0.070833,0.069785,0.070133,0.070133,555340.0
1200,2022-08-07,0.06953,0.070088,0.069372,0.069797,0.069797,381260.0
1201,2022-08-06,0.069623,0.070349,0.069529,0.06953,0.06953,497933.0
1202,2022-08-05,0.068967,0.06989,0.06842,0.06962,0.06962,925520.0
1203,2022-08-04,0.067901,0.069342,0.067833,0.068968,0.068968,1105049.0
1204,2022-08-03,0.068537,0.068983,0.067529,0.0679,0.0679,1032338.0
1205,2022-08-02,0.070025,0.07024,0.067978,0.068538,0.068538,1723462.0
1206,2022-08-01,0.068922,0.071205,0.068564,0.070026,0.070026,2885272.0
1207,2022-07-31,0.069271,0.070572,0.068914,0.068922,0.068922,1159054.0
1208,2022-07-30,0.069392,0.071092,0.069226,0.069271,0.069271,1642279.0
1209,2022-07-29,0.069794,0.071566,0.068578,0.069392,0.069392,2718996.0
1210,2022-07-28,0.068518,0.070217,0.067756,0.069794,0.069794,2293131.0
1211,2022-07-27,0.06513,0.068517,0.06513,0.068517,0.068517,1671327.0
1212,2022-07-26,0.06393,0.06513,0.063238,0.065129,0.065129,979624.0
1213,2022-07-25,0.06703,0.067032,0.063928,0.063929,0.063929,1246610.0
1214,2022-07-24,0.066885,0.067591,0.066885,0.067029,0.067029,668070.0
1215,2022-07-23,0.067034,0.067653,0.06625,0.066882,0.066882,675130.0
1216,2022-07-22,0.06797,0.068897,0.06685,0.067035,0.067035,809076.0
1217,2022-07-21,0.067764,0.068034,0.066643,0.067969,0.067969,1379068.0
1218,2022-07-20,0.06921,0.070195,0.067544,0.067765,0.067765,1994585.0
1219,2022-07-19,0.068793,0.069605,0.067882,0.06921,0.06921,1933332.0
1220,2022-07-18,0.067576,0.070517,0.067485,0.068794,0.068794,1901764.0
1221,2022-07-17,0.068909,0.069085,0.067562,0.067576,0.067576,853390.0
1222,2022-07-16,0.067236,0.069083,0.066324,0.068908,0.068908,1409681.0
1223,2022-07-15,0.066873,0.067667,0.066694,0.067236,0.067236,664657.0
1224,2022-07-14,0.066057,0.067241,0.065184,0.066875,0.066875,1379579.0
1225,2022-07-13,0.064737,0.066055,0.06389,0.066055,0.066055,1695469.0
1226,2022-07-12,0.064711,0.065488,0.064603,0.064737,0.064737,1049731.0
1227,2022-07-11,0.06746,0.067495,0.064711,0.064712,0.064712,979971.0
1228,2022-07-10,0.069949,0.06995,0.06741,0.067461,0.067461,795157.0
1229,2022-07-09,0.069258,0.071014,0.069062,0.069949,0.069949,1011182.0
1230,2022-07-08,0.068522,0.069503,0.067827,0.069251,0.069251,1360238.0
1231,2022-07-07,0.067643,0.068577,0.066386,0.068524,0.068524,859919.0
1232,2022-07-06,0.068315,0.068318,0.066967,0.067644,0.067644,1112274.0
1233,2022-07-05,0.067033,0.068663,0.066729,0.068314,0.068314,1752361.0
1234,2022-07-04,0.066123,0.067309,0.06565,0.067032,0.067032,1589566.0
1235,2022-07-03,0.064871,0.066125,0.062674,0.066124,0.066124,1876505.0
1236,2022-07-02,0.065063,0.065186,0.064507,0.064871,0.064871,835498.0
1237,2022-07-01,0.064689,0.066002,0.064341,0.065062,0.065062,2356257.0
1238,2022-06-30,0.064653,0.065675,0.062401,0.064684,0.064684,3120719.0
1239,2022-06-29,0.0678,0.0678,0.064218,0.064653,0.064653,2006450.0
1240,2022-06-28,0.067039,0.067971,0.065401,0.0678,0.0678,
1241,2022-06-27,0.06408,0.069942,0.06408,0.067039,0.067039,3047188.0
1242,2022-06-26,0.06408,0.06408,0.06408,0.06408,0.06408,
1243,2022-06-25,0.06408,0.06408,0.06408,0.06408,0.06408,
1244,2022-06-24,0.06408,0.06408,0.06408,0.06408,0.06408,
1245,2022-06-23,0.063244,0.064157,0.063148,0.06408,0.06408,
1246,2022-06-22,0.064779,0.065562,0.063167,0.063243,0.063243,5245622.0
1247,2022-06-21,0.061138,0.066431,0.061099,0.064777,0.064777,7363810.0
1248,2022-06-20,0.061375,0.061782,0.059612,0.061138,0.061138,6545151.0
1249,2022-06-19,0.060887,0.062621,0.058661,0.061377,0.061377,5069523.0
1250,2022-06-18,0.059908,0.061862,0.057228,0.060887,0.060887,7824781.0
1251,2022-06-17,0.058956,0.062634,0.058844,0.05991,0.05991,5012370.0
1252,2022-06-16,0.062793,0.06521,0.0585,0.058953,0.058953,9223444.0
1253,2022-06-15,0.055915,0.063556,0.047332,0.062795,0.062795,25010391.0
1254,2022-06-14,0.063445,0.064437,0.052445,0.055917,0.055917,16087164.0
1255,2022-06-13,0.076477,0.076477,0.061149,0.063443,0.063443,22181040.0
1256,2022-06-12,0.075947,0.078227,0.074212,0.076481,0.076481,4885208.0
1257,2022-06-11,0.079044,0.080025,0.075081,0.075945,0.075945,2583299.0
1258,2022-06-10,0.080967,0.081284,0.079031,0.079046,0.079046,1300179.0
1259,2022-06-09,0.080662,0.081981,0.08026,0.080964,0.080964,2785364.0
1260,2022-06-08,0.082241,0.08234,0.079835,0.08066,0.08066,2114881.0
1261,2022-06-07,0.081838,0.082707,0.079118,0.082242,0.082242,2895268.0
1262,2022-06-06,0.08154,0.084565,0.081315,0.08184,0.08184,1872809.0
1263,2022-06-05,0.08029,0.082228,0.079426,0.081541,0.081541,1361386.0
1264,2022-06-04,0.080981,0.081014,0.076913,0.08029,0.08029,3280408.0
1265,2022-06-03,0.084263,0.085816,0.080684,0.080981,0.080981,2582838.0
1266,2022-06-02,0.083552,0.085279,0.081329,0.084262,0.084262,4205277.0
1267,2022-06-01,0.083823,0.090793,0.082344,0.083554,0.083554,8420786.0
1268,2022-05-31,0.083331,0.083824,0.07962,0.083823,0.083823,2904488.0
1269,2022-05-30,0.080285,0.084049,0.080268,0.083331,0.083331,2760721.0
1270,2022-05-29,0.081321,0.08194,0.078557,0.080284,0.080284,2304642.0
1271,2022-05-28,0.079999,0.082233,0.079178,0.08132,0.08132,2682421.0
1272,2022-05-27,0.082353,0.083258,0.078553,0.080406,0.080406,6164630.0
1273,2022-05-26,0.084616,0.086055,0.07953,0.082353,0.082353,8471648.0
1274,2022-05-25,0.080547,0.085461,0.08024,0.084617,0.084617,5007282.0
1275,2022-05-24,0.076238,0.082544,0.07617,0.080548,0.080548,7427751.0
1276,2022-05-23,0.078042,0.082074,0.075657,0.076238,0.076238,5774588.0
1277,2022-05-22,0.074101,0.078179,0.073802,0.078042,0.078042,1834184.0
1278,2022-05-21,0.07132,0.075443,0.070636,0.074102,0.074102,2546481.0
1279,2022-05-20,0.073783,0.074712,0.070192,0.071315,0.071315,3788775.0
1280,2022-05-19,0.071003,0.074425,0.070278,0.073783,0.073783,7374501.0
1281,2022-05-18,0.072424,0.072544,0.0696,0.071003,0.071003,2378698.0
1282,2022-05-17,0.069124,0.073476,0.069091,0.072424,0.072424,3216454.0
1283,2022-05-16,0.072176,0.072176,0.067366,0.069125,0.069125,3731586.0
1284,2022-05-15,0.072263,0.072305,0.067941,0.072175,0.072175,7219577.0
1285,2022-05-14,0.07396,0.075715,0.070855,0.072263,0.072263,6825562.0
1286,2022-05-13,0.067243,0.076139,0.066646,0.07396,0.07396,11402518.0
1287,2022-05-12,0.074359,0.078652,0.06584,0.067249,0.067249,20248651.0
1288,2022-05-11,0.07677,0.079854,0.063987,0.074358,0.074358,33452784.0
1289,2022-05-10,0.073486,0.081992,0.071743,0.07677,0.07677,19799674.0
1290,2022-05-09,0.08723,0.08778,0.072321,0.073483,0.073483,22784132.0
1291,2022-05-08,0.083249,0.090452,0.080637,0.087228,0.087228,19029840.0
1292,2022-05-07,0.086345,0.088021,0.080314,0.083249,0.083249,17542317.0
1293,2022-05-06,0.074606,0.087751,0.072974,0.086346,0.086346,17992802.0
1294,2022-05-05,0.085893,0.089218,0.071917,0.074606,0.074606,18615097.0
1295,2022-05-04,0.072033,0.085893,0.070279,0.085893,0.085893,14887879.0
1296,2022-05-03,0.068611,0.074741,0.068508,0.072035,0.072035,9262826.0
1297,2022-05-02,0.070879,0.073243,0.064846,0.068612,0.068612,9712656.0
1298,2022-05-01,0.062859,0.071445,0.061896,0.07088,0.07088,7758364.0
1299,2022-04-30,0.063579,0.065017,0.062106,0.06286,0.06286,3598792.0
1300,2022-04-29,0.063557,0.069633,0.062971,0.06358,0.06358,6315737.0
1301,2022-04-28,0.063065,0.063903,0.0627,0.063557,0.063557,1244586.0
1302,2022-04-27,0.061852,0.063507,0.061852,0.063065,0.063065,1673226.0
1303,2022-04-26,0.065271,0.065425,0.061848,0.061853,0.061853,1787105.0
1304,2022-04-25,0.065851,0.065852,0.061985,0.065272,0.065272,2325550.0
1305,2022-04-24,0.067666,0.067715,0.064886,0.065851,0.065851,1730090.0
1306,2022-04-23,0.066723,0.069036,0.066718,0.067667,0.067667,2040271.0
1307,2022-04-22,0.071662,0.072063,0.066619,0.066723,0.066723,7508945.0
1308,2022-04-21,0.062715,0.073948,0.062642,0.071664,0.071664,11885764.0
1309,2022-04-20,0.0633,0.063301,0.062025,0.062715,0.062715,925011.0
1310,2022-04-19,0.061425,0.063404,0.061339,0.063299,0.063299,749970.0
1311,2022-04-18,0.060099,0.061468,0.059089,0.061425,0.061425,1532610.0
1312,2022-04-17,0.062043,0.062695,0.060096,0.060099,0.060099,904619.0
1313,2022-04-16,0.061926,0.062051,0.06118,0.062044,0.062044,633122.0
1314,2022-04-15,0.060004,0.062018,0.06,0.061926,0.061926,885534.0
1315,2022-04-14,0.061323,0.061729,0.059608,0.060004,0.060004,1189278.0
1316,2022-04-13,0.059939,0.061328,0.059543,0.061323,0.061323,1147581.0
1317,2022-04-12,0.058222,0.060214,0.057992,0.059939,0.059939,1509135.0
1318,2022-04-11,0.062447,0.06245,0.057949,0.058221,0.058221,2338105.0
1319,2022-04-10,0.063827,0.064246,0.062387,0.062447,0.062447,1250991.0
1320,2022-04-09,0.062388,0.063838,0.062387,0.063827,0.063827,1338307.0
1321,2022-04-08,0.064462,0.064997,0.062354,0.062386,0.062386,2177919.0
1322,2022-04-07,0.063255,0.064595,0.062893,0.064462,0.064462,2418304.0
1323,2022-04-06,0.06947,0.069475,0.063256,0.063256,0.063256,3230909.0
1324,2022-04-05,0.070871,0.071554,0.06947,0.06947,0.06947,1158842.0
1325,2022-04-04,0.073142,0.073142,0.069076,0.070872,0.070872,1836048.0
1326,2022-04-03,0.073334,0.073475,0.072365,0.073142,0.073142,1081640.0
1327,2022-04-02,0.074655,0.076197,0.073102,0.073334,0.073334,2140077.0
1328,2022-04-01,0.073742,0.074872,0.071619,0.074655,0.074655,3103260.0
1329,2022-03-31,0.073162,0.079317,0.07316,0.073741,0.073741,7567278.0
1330,2022-03-30,0.069168,0.074194,0.067782,0.073162,0.073162,4713754.0
1331,2022-03-29,0.068905,0.072233,0.068614,0.069169,0.069169,2680659.0
1332,2022-03-28,0.069087,0.071735,0.068847,0.068906,0.068906,2411396.0
1333,2022-03-27,0.066007,0.069195,0.066007,0.069088,0.069088,2211063.0
1334,2022-03-26,0.064581,0.066015,0.064072,0.066007,0.066007,771033.0
1335,2022-03-25,0.065606,0.066481,0.064073,0.064579,0.064579,1330499.0
1336,2022-03-24,0.064225,0.065741,0.063845,0.065606,0.065606,1541641.0
1337,2022-03-23,0.063239,0.064702,0.063238,0.064222,0.064222,1426170.0
1338,2022-03-22,0.061638,0.063756,0.061577,0.063238,0.063238,1190914.0
1339,2022-03-21,0.061549,0.061684,0.060984,0.061638,0.061638,638991.0
1340,2022-03-20,0.061704,0.062296,0.060935,0.061549,0.061549,1089969.0
1341,2022-03-19,0.061657,0.061986,0.061435,0.061704,0.061704,439634.0
1342,2022-03-18,0.06086,0.061657,0.060246,0.061656,0.061656,787567.0
1343,2022-03-17,0.06091,0.060952,0.060747,0.060861,0.060861,223365.0
1344,2022-03-16,0.060491,0.06134,0.059684,0.06091,0.06091,1338086.0
1345,2022-03-15,0.060149,0.060569,0.05975,0.060491,0.060491,789609.0
1346,2022-03-14,0.059168,0.060235,0.059119,0.060149,0.060149,777372.0
1347,2022-03-13,0.059789,0.060098,0.059117,0.059168,0.059168,737720.0
1348,2022-03-12,0.060441,0.060547,0.059756,0.05979,0.05979,561360.0
1349,2022-03-11,0.059843,0.06071,0.059171,0.06044,0.06044,1303350.0
1350,2022-03-10,0.060668,0.060709,0.05805,0.059843,0.059843,1858501.0
1351,2022-03-09,0.060757,0.062442,0.060578,0.060668,0.060668,2175214.0
1352,2022-03-08,0.058564,0.06091,0.058564,0.060757,0.060757,1658131.0
1353,2022-03-07,0.058956,0.060431,0.058014,0.058566,0.058566,1896907.0
1354,2022-03-06,0.060396,0.060712,0.058954,0.058955,0.058955,1147624.0
1355,2022-03-05,0.060484,0.060734,0.06039,0.060396,0.060396,1242664.0
